date,open,high,low,close,volume
2022-01-20 20:00:00,83.033,83.154,82.877,82.932,17754
2022-01-20 20:05:00,82.918,83.013,82.822,82.839,15022
2022-01-20 20:10:00,82.839,83.067,82.824,83.027,59133
2022-01-20 20:15:00,83.027,83.25,83.016,83.18,26423
2022-01-20 20:20:00,83.2,83.245,83.046,83.162,15347
2022-01-20 20:25:00,83.163,83.293,83.02,83.056,29743
2022-01-20 20:30:00,83.058,83.29,83.012,83.239,34041
2022-01-20 20:35:00,83.239,83.288,83.015,83.186,30767
2022-01-20 20:40:00,83.192,83.3,83.059,83.075,18898
2022-01-20 20:45:00,83.074,83.25,83.042,83.06,18679
2022-01-20 20:50:00,83.06,83.401,83.05,83.218,25017
2022-01-20 20:55:00,83.197,83.494,83.1,83.418,23700
2022-01-20 21:00:00,83.419,83.5,83.172,83.199,22520
2022-01-20 21:05:00,83.2,83.382,83.084,83.201,20330
2022-01-20 21:10:00,83.2,83.245,83.001,83.011,30041
2022-01-20 21:15:00,83.009,83.268,83.0,83.086,30951
2022-01-20 21:20:00,83.079,83.124,83.0,83.001,40703
2022-01-20 21:25:00,83.001,83.024,82.5,82.502,127432
2022-01-20 21:30:00,82.502,82.6,82.156,82.178,89018
2022-01-20 21:35:00,82.177,82.215,81.1,81.399,208108
2022-01-20 21:40:00,81.404,81.415,80.58,80.979,262617
2022-01-20 21:45:00,80.98,81.003,80.228,80.266,158276
2022-01-20 21:50:00,80.246,80.614,79.66,80.066,193293
2022-01-20 21:55:00,80.064,80.064,78.764,78.783,199358
2022-01-20 22:00:00,78.783,80.188,77.271,79.592,613598
2022-01-20 22:05:00,79.59,79.835,78.798,78.921,152046
2022-01-20 22:10:00,78.921,79.13,78.381,78.869,158531
2022-01-20 22:15:00,78.866,79.148,78.251,78.887,126787
2022-01-20 22:20:00,78.868,79.119,78.161,78.287,105611
2022-01-20 22:25:00,78.289,79.21,78.228,78.939,97943
2022-01-20 22:30:00,78.94,79.065,78.527,78.619,75610
2022-01-20 22:35:00,78.618,78.643,78.036,78.514,133569
2022-01-20 22:40:00,78.514,78.516,77.675,77.99,94311
2022-01-20 22:45:00,77.98,78.137,77.32,77.828,126276
2022-01-20 22:50:00,77.841,78.132,77.126,78.125,147696
2022-01-20 22:55:00,78.13,78.24,77.62,77.727,58657
2022-01-20 23:00:00,77.717,77.897,77.353,77.512,70826
2022-01-20 23:05:00,77.513,77.95,77.101,77.266,95021
2022-01-20 23:10:00,77.277,77.576,77.247,77.325,49387
2022-01-20 23:15:00,77.325,77.339,76.61,76.856,177417
2022-01-20 23:20:00,76.866,76.923,76.156,76.391,139409
2022-01-20 23:25:00,76.391,77.157,76.39,76.848,132060
2022-01-20 23:30:00,76.855,77.137,76.5,76.608,89358
2022-01-20 23:35:00,76.609,77.063,76.373,76.965,84147
2022-01-20 23:40:00,76.965,77.07,76.512,76.986,73853
2022-01-20 23:45:00,76.988,77.124,76.671,76.694,74925
2022-01-20 23:50:00,76.699,77.19,76.477,76.829,115448
2022-01-20 23:55:00,76.83,77.569,76.62,77.261,94668
2022-01-21 00:00:00,77.258,77.525,76.879,77.204,125525
2022-01-21 00:05:00,77.206,77.807,77.163,77.678,87514
2022-01-21 00:10:00,77.677,78.307,77.528,77.976,123444
2022-01-21 00:15:00,77.993,78.851,77.987,78.807,140568
2022-01-21 00:20:00,78.803,78.841,78.192,78.617,99126
2022-01-21 00:25:00,78.603,79.918,78.552,79.675,203113
2022-01-21 00:30:00,79.671,80.059,79.363,80.056,138259
2022-01-21 00:35:00,80.057,80.73,80.01,80.7,173111
2022-01-21 00:40:00,80.699,80.794,80.163,80.356,126853
2022-01-21 00:45:00,80.351,80.351,79.61,79.925,132712
2022-01-21 00:50:00,79.924,79.936,79.488,79.5,78669
2022-01-21 00:55:00,79.5,80.13,79.418,79.469,94530
2022-01-21 01:00:00,79.489,79.576,78.899,79.336,154992
2022-01-21 01:05:00,79.339,79.398,78.504,78.596,118759
2022-01-21 01:10:00,78.603,79.053,78.551,78.759,74767
2022-01-21 01:15:00,78.761,79.514,78.759,79.509,65789
2022-01-21 01:20:00,79.516,79.587,79.072,79.1,86894
2022-01-21 01:25:00,79.101,79.11,78.77,78.882,43207
2022-01-21 01:30:00,78.881,78.881,78.432,78.783,64818
2022-01-21 01:35:00,78.783,78.826,77.179,77.282,178130
2022-01-21 01:40:00,77.289,77.827,77.072,77.591,175469
2022-01-21 01:45:00,77.583,77.592,76.108,76.47,222666
2022-01-21 01:50:00,76.46,76.67,75.916,76.051,178089
2022-01-21 01:55:00,76.054,76.344,75.88,76.009,138638
2022-01-21 02:00:00,75.998,77.299,75.73,76.868,317231
2022-01-21 02:05:00,76.878,77.382,76.204,76.857,133383
2022-01-21 02:10:00,76.85,76.988,76.18,76.536,89344
2022-01-21 02:15:00,76.524,76.981,76.18,76.277,88211
2022-01-21 02:20:00,76.277,78.696,75.736,78.601,285235
2022-01-21 02:25:00,78.596,78.915,78.058,78.56,165610
2022-01-21 02:30:00,78.568,78.66,77.615,77.795,127005
2022-01-21 02:35:00,77.795,78.014,77.368,77.774,77934
2022-01-21 02:40:00,77.793,77.929,77.268,77.317,57896
2022-01-21 02:45:00,77.298,77.861,77.251,77.564,48066
2022-01-21 02:50:00,77.567,78.457,77.456,78.104,81787
2022-01-21 02:55:00,78.109,78.314,77.645,77.802,49240
2022-01-21 03:00:00,77.801,78.53,77.5,78.2,80131
2022-01-21 03:05:00,78.214,78.214,77.518,77.69,66746
2022-01-21 03:10:00,77.686,77.868,76.75,77.668,124571
2022-01-21 03:15:00,77.666,77.76,76.86,76.906,64558
2022-01-21 03:20:00,76.897,77.068,76.467,76.554,78126
2022-01-21 03:25:00,76.565,76.629,75.353,75.73,216169
2022-01-21 03:30:00,75.738,76.439,75.119,75.381,297397
2022-01-21 03:35:00,75.376,76.142,74.977,76.001,222495
2022-01-21 03:40:00,76.009,76.427,75.615,75.981,137593
2022-01-21 03:45:00,76.0,76.68,75.693,75.831,125508
2022-01-21 03:50:00,75.856,76.138,75.506,75.582,81506
2022-01-21 03:55:00,75.594,75.767,75.331,75.631,82884
2022-01-21 04:00:00,75.65,76.491,75.521,76.483,144602
2022-01-21 04:05:00,76.452,76.849,76.305,76.523,104612
2022-01-21 04:10:00,76.523,77.034,76.448,76.577,84723
2022-01-21 04:15:00,76.578,77.071,76.45,76.982,65223
2022-01-21 04:20:00,76.977,77.52,76.834,77.443,121945
2022-01-21 04:25:00,77.443,77.7,77.163,77.681,81709
2022-01-21 04:30:00,77.688,77.796,77.248,77.311,84989
2022-01-21 04:35:00,77.32,78.716,77.134,78.498,156150
2022-01-21 04:40:00,78.498,78.499,77.642,77.845,91971
2022-01-21 04:45:00,77.845,78.13,77.711,78.043,46105
2022-01-21 04:50:00,78.05,78.39,77.9,78.251,58866
2022-01-21 04:55:00,78.254,78.658,77.265,77.458,179262
2022-01-21 05:00:00,77.466,77.468,76.612,77.246,153956
2022-01-21 05:05:00,77.249,78.417,77.167,78.352,144023
2022-01-21 05:10:00,78.351,78.351,77.598,77.622,95374
2022-01-21 05:15:00,77.621,78.273,77.501,77.837,73111
2022-01-21 05:20:00,77.847,78.168,77.733,77.914,42142
2022-01-21 05:25:00,77.897,78.291,77.762,77.825,74834
2022-01-21 05:30:00,77.821,78.384,77.731,78.175,63440
2022-01-21 05:35:00,78.185,78.38,77.989,78.259,45142
2022-01-21 05:40:00,78.258,78.889,78.092,78.877,139847
2022-01-21 05:45:00,78.869,79.174,78.76,78.79,108144
2022-01-21 05:50:00,78.788,79.317,78.597,78.92,89069
2022-01-21 05:55:00,78.92,79.152,78.523,78.685,77510
2022-01-21 06:00:00,78.683,79.066,78.341,78.357,96820
2022-01-21 06:05:00,78.357,78.868,78.294,78.857,61629
2022-01-21 06:10:00,78.857,78.96,78.215,78.317,55797
2022-01-21 06:15:00,78.318,78.781,78.012,78.275,80284
2022-01-21 06:20:00,78.281,78.733,78.213,78.339,54436
2022-01-21 06:25:00,78.362,78.676,78.204,78.511,48839
2022-01-21 06:30:00,78.509,78.645,77.791,77.865,111650
2022-01-21 06:35:00,77.857,78.436,77.782,77.882,100845
2022-01-21 06:40:00,77.879,78.017,77.536,77.546,81503
2022-01-21 06:45:00,77.556,77.697,77.131,77.608,101236
2022-01-21 06:50:00,77.607,77.983,77.605,77.861,73072
2022-01-21 06:55:00,77.863,78.12,77.248,77.359,81265
2022-01-21 07:00:00,77.359,77.847,76.525,76.875,268886
2022-01-21 07:05:00,76.879,77.406,76.736,76.874,72080
2022-01-21 07:10:00,76.871,77.339,76.826,77.339,52468
2022-01-21 07:15:00,77.332,77.731,77.125,77.376,75814
2022-01-21 07:20:00,77.371,77.591,77.18,77.444,39017
2022-01-21 07:25:00,77.441,77.977,77.44,77.826,76504
2022-01-21 07:30:00,77.812,78.046,77.58,77.842,40464
2022-01-21 07:35:00,77.842,78.219,77.76,77.895,46154
2022-01-21 07:40:00,77.903,78.441,77.858,78.351,55919
2022-01-21 07:45:00,78.35,78.773,78.257,78.606,98101
2022-01-21 07:50:00,78.605,78.762,78.471,78.622,53534
2022-01-21 07:55:00,78.612,78.8,78.446,78.526,54399
2022-01-21 08:00:00,78.522,78.595,78.053,78.561,75862
2022-01-21 08:05:00,78.549,79.28,78.54,79.103,119476
2022-01-21 08:10:00,79.103,79.36,78.92,79.046,109666
2022-01-21 08:15:00,79.05,79.128,78.47,78.604,87038
2022-01-21 08:20:00,78.614,78.8,78.509,78.69,32191
2022-01-21 08:25:00,78.69,78.978,78.411,78.745,54656
2022-01-21 08:30:00,78.739,79.179,78.511,78.923,55956
2022-01-21 08:35:00,78.91,79.19,78.762,78.765,37403
2022-01-21 08:40:00,78.772,78.828,78.545,78.581,39602
2022-01-21 08:45:00,78.58,78.817,78.281,78.581,51647
2022-01-21 08:50:00,78.578,78.858,78.388,78.813,31604
2022-01-21 08:55:00,78.815,78.952,78.58,78.687,28582
2022-01-21 09:00:00,78.677,78.727,78.25,78.297,57098
2022-01-21 09:05:00,78.287,78.45,77.341,77.642,174140
2022-01-21 09:10:00,77.638,78.029,77.503,77.917,67317
2022-01-21 09:15:00,77.912,78.13,77.568,77.796,41823
2022-01-21 09:20:00,77.796,78.2,77.769,78.05,44112
2022-01-21 09:25:00,78.048,78.373,77.943,78.018,39527
2022-01-21 09:30:00,78.018,78.179,77.831,77.942,28383
2022-01-21 09:35:00,77.941,78.197,77.578,77.708,43876
2022-01-21 09:40:00,77.707,78.107,77.672,77.933,35059
2022-01-21 09:45:00,77.93,78.179,77.778,77.778,27033
2022-01-21 09:50:00,77.778,78.22,77.739,77.941,36128
2022-01-21 09:55:00,77.93,78.09,77.709,77.751,33549
2022-01-21 10:00:00,77.752,77.752,77.002,77.503,140914
2022-01-21 10:05:00,77.503,77.78,77.116,77.133,56574
2022-01-21 10:10:00,77.14,77.456,77.014,77.285,74246
2022-01-21 10:15:00,77.27,77.712,77.261,77.45,44309
2022-01-21 10:20:00,77.449,77.98,77.371,77.889,57585
2022-01-21 10:25:00,77.889,78.063,77.715,77.844,36086
2022-01-21 10:30:00,77.836,78.13,77.75,78.007,23875
2022-01-21 10:35:00,78.01,78.2,77.613,77.701,38805
2022-01-21 10:40:00,77.706,77.929,77.515,77.671,32013
2022-01-21 10:45:00,77.67,77.97,77.519,77.97,21189
2022-01-21 10:50:00,77.969,78.072,77.5,77.542,38600
2022-01-21 10:55:00,77.553,77.9,77.528,77.892,22448
2022-01-21 11:00:00,77.881,77.921,77.579,77.827,40269
2022-01-21 11:05:00,77.827,77.925,77.271,77.379,44236
2022-01-21 11:10:00,77.364,77.498,76.888,76.895,84702
2022-01-21 11:15:00,76.896,76.9,75.927,75.983,181409
2022-01-21 11:20:00,75.984,76.27,75.465,76.068,247105
2022-01-21 11:25:00,76.07,76.25,75.725,76.161,96455
2022-01-21 11:30:00,76.161,76.49,75.61,75.704,114341
2022-01-21 11:35:00,75.71,75.941,75.458,75.918,115133
2022-01-21 11:40:00,75.913,76.135,75.43,75.954,101414
2022-01-21 11:45:00,75.957,76.132,75.566,75.698,66977
2022-01-21 11:50:00,75.698,76.041,75.541,75.562,64439
2022-01-21 11:55:00,75.566,76.166,75.551,76.104,70163
2022-01-21 12:00:00,76.107,76.265,75.417,75.49,116326
2022-01-21 12:05:00,75.499,75.591,74.51,74.542,262059
2022-01-21 12:10:00,74.542,75.0,74.494,74.763,173572
2022-01-21 12:15:00,74.763,75.374,74.186,74.989,212937
2022-01-21 12:20:00,74.989,75.19,74.717,74.89,78564
2022-01-21 12:25:00,74.891,74.891,74.284,74.352,74800
2022-01-21 12:30:00,74.35,74.5,73.817,73.947,160355
2022-01-21 12:35:00,73.874,74.551,72.864,72.901,421892
2022-01-21 12:40:00,72.893,73.596,72.801,73.462,254062
2022-01-21 12:45:00,73.465,74.091,73.139,73.6,210043
2022-01-21 12:50:00,73.596,73.925,72.905,73.055,106487
2022-01-21 12:55:00,73.058,73.788,72.779,73.518,155072
2022-01-21 13:00:00,73.489,74.489,73.427,74.462,148732
2022-01-21 13:05:00,74.465,74.86,73.63,73.966,169987
2022-01-21 13:10:00,73.966,74.048,73.12,73.89,205567
2022-01-21 13:15:00,73.888,74.049,73.349,73.853,103382
2022-01-21 13:20:00,73.857,74.1,73.504,73.588,81185
2022-01-21 13:25:00,73.578,73.94,73.416,73.604,61651
2022-01-21 13:30:00,73.61,73.826,72.853,72.854,117464
2022-01-21 13:35:00,72.853,73.078,72.414,73.063,176278
2022-01-21 13:40:00,73.063,73.997,72.874,73.748,176305
2022-01-21 13:45:00,73.74,74.164,73.213,73.354,160461
2022-01-21 13:50:00,73.356,73.561,72.916,73.063,96186
2022-01-21 13:55:00,73.079,73.234,72.863,73.145,68817
2022-01-21 14:00:00,73.146,73.382,72.469,72.606,98552
2022-01-21 14:05:00,72.598,72.758,72.017,72.017,135143
2022-01-21 14:10:00,72.015,72.477,71.963,72.081,240297
2022-01-21 14:15:00,72.076,72.364,71.34,71.621,285547
2022-01-21 14:20:00,71.619,71.935,71.25,71.645,162484
2022-01-21 14:25:00,71.653,72.131,71.653,72.066,109659
2022-01-21 14:30:00,72.067,73.39,71.691,73.314,252346
2022-01-21 14:35:00,73.314,73.6,72.513,72.6,278203
2022-01-21 14:40:00,72.612,72.693,72.072,72.12,118117
2022-01-21 14:45:00,72.123,72.93,71.977,72.605,142124
2022-01-21 14:50:00,72.595,72.722,72.12,72.209,65614
2022-01-21 14:55:00,72.209,72.304,71.578,72.144,149730
2022-01-21 15:00:00,72.125,72.433,71.576,72.161,195739
2022-01-21 15:05:00,72.165,72.32,71.712,71.987,170525
2022-01-21 15:10:00,71.987,72.182,71.308,72.038,186611
2022-01-21 15:15:00,72.044,72.213,71.624,71.69,125189
2022-01-21 15:20:00,71.69,71.896,71.19,71.76,151389
2022-01-21 15:25:00,71.761,72.286,71.585,72.045,122975
2022-01-21 15:30:00,72.059,73.337,71.934,73.11,185055
2022-01-21 15:35:00,73.101,73.521,72.875,72.912,103563
2022-01-21 15:40:00,72.908,73.349,72.78,73.238,79951
2022-01-21 15:45:00,73.238,73.882,73.017,73.751,87269
2022-01-21 15:50:00,73.756,74.353,73.734,74.038,165917
2022-01-21 15:55:00,74.039,74.199,73.521,73.84,129278
2022-01-21 16:00:00,73.839,73.872,73.2,73.231,91953
2022-01-21 16:05:00,73.236,74.099,73.15,73.984,107900
2022-01-21 16:10:00,73.976,73.976,73.29,73.49,58563
2022-01-21 16:15:00,73.493,73.68,73.158,73.516,60407
2022-01-21 16:20:00,73.514,74.25,73.29,74.023,80487
2022-01-21 16:25:00,74.022,74.081,73.711,73.943,40782
2022-01-21 16:30:00,73.926,73.926,73.426,73.707,53409
2022-01-21 16:35:00,73.709,73.816,72.8,73.006,90437
2022-01-21 16:40:00,72.996,73.643,72.692,73.122,158341
2022-01-21 16:45:00,73.122,73.133,72.421,72.656,82450
2022-01-21 16:50:00,72.656,72.96,72.412,72.548,55183
2022-01-21 16:55:00,72.539,73.076,72.445,73.012,51109
2022-01-21 17:00:00,73.001,73.234,72.883,72.913,44448
2022-01-21 17:05:00,72.907,73.073,72.641,72.727,40849
2022-01-21 17:10:00,72.721,72.782,72.14,72.241,74479
2022-01-21 17:15:00,72.239,72.334,71.999,72.255,78310
2022-01-21 17:20:00,72.255,72.335,72.0,72.223,67975
2022-01-21 17:25:00,72.214,72.383,71.99,72.076,41764
2022-01-21 17:30:00,72.075,72.092,71.53,71.634,81771
2022-01-21 17:35:00,71.634,71.859,71.33,71.463,93019
2022-01-21 17:40:00,71.463,71.677,71.24,71.422,69313
2022-01-21 17:45:00,71.422,71.509,71.0,71.066,75461
2022-01-21 17:50:00,71.067,71.25,71.016,71.2,45777
2022-01-21 17:55:00,71.191,71.399,71.005,71.364,64489
2022-01-21 18:00:00,71.364,71.799,71.25,71.316,76950
2022-01-21 18:05:00,71.31,71.755,71.307,71.7,38345
2022-01-21 18:10:00,71.7,72.197,71.675,72.137,68268
2022-01-21 18:15:00,72.137,72.249,71.163,71.318,94851
2022-01-21 18:20:00,71.325,71.43,70.69,70.833,106666
2022-01-21 18:25:00,70.836,71.267,70.62,70.996,69333
2022-01-21 18:30:00,71.012,71.51,70.411,71.122,180616
2022-01-21 18:35:00,71.119,71.762,71.104,71.618,62736
2022-01-21 18:40:00,71.639,71.823,71.236,71.285,50432
2022-01-21 18:45:00,71.286,71.437,70.674,70.948,91368
2022-01-21 18:50:00,70.938,71.373,70.9,71.289,59889
2022-01-21 18:55:00,71.293,71.5,70.496,70.496,80559
2022-01-21 19:00:00,70.494,70.799,70.311,70.695,69261
2022-01-21 19:05:00,70.688,70.867,70.158,70.204,43151
2022-01-21 19:10:00,70.222,70.85,70.18,70.83,84815
2022-01-21 19:15:00,70.821,70.977,70.607,70.896,41061
2022-01-21 19:20:00,70.893,71.182,70.676,71.1,38993
2022-01-21 19:25:00,71.105,71.105,70.454,70.696,54450
2022-01-21 19:30:00,70.688,70.693,70.239,70.332,49194
2022-01-21 19:35:00,70.32,70.542,70.05,70.427,69236
2022-01-21 19:40:00,70.449,70.561,70.018,70.123,42181
2022-01-21 19:45:00,70.133,70.429,70.05,70.408,38197
2022-01-21 19:50:00,70.407,70.42,69.6,69.68,105923
2022-01-21 19:55:00,69.68,69.68,68.831,69.026,165683
2022-01-21 20:00:00,69.021,69.548,68.981,69.174,133706
2022-01-21 20:05:00,69.155,69.274,68.56,68.786,155552
2022-01-21 20:10:00,68.75,68.889,67.113,67.379,270267
2022-01-21 20:15:00,67.365,69.201,67.28,68.657,286914
2022-01-21 20:20:00,68.658,68.761,68.132,68.7,137061
2022-01-21 20:25:00,68.696,68.696,67.75,67.831,104446
2022-01-21 20:30:00,67.829,68.686,67.789,68.293,122409
2022-01-21 20:35:00,68.293,68.362,67.704,68.277,87265
2022-01-21 20:40:00,68.277,68.873,67.994,68.027,154145
2022-01-21 20:45:00,68.026,68.11,67.468,67.64,137133
2022-01-21 20:50:00,67.624,67.624,67.08,67.235,124669
2022-01-21 20:55:00,67.241,68.418,67.197,67.994,136372
2022-01-21 21:00:00,68.004,68.498,67.81,67.872,116861
2022-01-21 21:05:00,67.879,68.609,67.818,68.308,102367
2022-01-21 21:10:00,68.304,68.481,67.66,67.668,77931
2022-01-21 21:15:00,67.664,68.163,67.65,67.825,102525
2022-01-21 21:20:00,67.819,67.861,67.1,67.186,111911
2022-01-21 21:25:00,67.194,67.362,66.435,66.59,155560
2022-01-21 21:30:00,66.588,66.966,65.237,65.617,350996
2022-01-21 21:35:00,65.609,66.253,64.13,64.378,411967
2022-01-21 21:40:00,64.37,64.999,64.13,64.249,258296
2022-01-21 21:45:00,64.258,64.265,62.52,63.063,440205
2022-01-21 21:50:00,63.058,66.659,62.0,65.717,705772
2022-01-21 21:55:00,65.721,65.748,63.506,64.752,687334
2022-01-21 22:00:00,64.729,66.148,64.678,65.378,595054
2022-01-21 22:05:00,65.382,65.394,64.046,64.872,281755
2022-01-21 22:10:00,64.887,65.3,64.257,64.961,279726
2022-01-21 22:15:00,64.959,64.979,63.966,64.559,261440
2022-01-21 22:20:00,64.549,64.684,63.643,64.623,205229
2022-01-21 22:25:00,64.618,65.6,64.555,65.308,191143
2022-01-21 22:30:00,65.308,65.313,64.503,64.633,119473
2022-01-21 22:35:00,64.634,64.649,64.027,64.06,82591
2022-01-21 22:40:00,64.069,64.069,62.866,63.165,234852
2022-01-21 22:45:00,63.166,63.524,62.0,62.236,251689
2022-01-21 22:50:00,62.236,62.974,61.589,62.514,452727
2022-01-21 22:55:00,62.527,63.98,62.476,63.66,257199
2022-01-21 23:00:00,63.661,64.386,63.114,63.725,180123
2022-01-21 23:05:00,63.74,64.043,63.025,63.069,174084
2022-01-21 23:10:00,63.05,64.1,61.96,64.1,338969
2022-01-21 23:15:00,64.088,64.688,63.948,64.618,248129
2022-01-21 23:20:00,64.604,65.204,64.513,64.7,226714
2022-01-21 23:25:00,64.697,65.127,64.545,64.911,136743
2022-01-21 23:30:00,64.899,65.495,64.745,65.079,157474
2022-01-21 23:35:00,65.055,65.059,64.285,64.436,131258
2022-01-21 23:40:00,64.431,64.872,64.186,64.658,142154
2022-01-21 23:45:00,64.656,64.915,63.658,64.267,297914
2022-01-21 23:50:00,64.264,64.872,64.152,64.724,117696
2022-01-21 23:55:00,64.7,65.158,64.462,64.679,100025
2022-01-22 00:00:00,64.678,65.938,64.382,64.776,251279
2022-01-22 00:05:00,64.787,64.978,63.987,64.215,137495
2022-01-22 00:10:00,64.215,64.464,63.755,64.171,118917
2022-01-22 00:15:00,64.175,64.201,63.066,63.32,147152
2022-01-22 00:20:00,63.319,64.13,63.178,64.095,114869
2022-01-22 00:25:00,64.075,64.69,63.915,64.502,92693
2022-01-22 00:30:00,64.51,65.516,64.401,65.2,159530
2022-01-22 00:35:00,65.196,65.269,64.93,65.137,68674
2022-01-22 00:40:00,65.126,65.174,64.321,64.344,76368
2022-01-22 00:45:00,64.358,65.297,64.304,65.253,91627
2022-01-22 00:50:00,65.262,65.278,64.185,64.301,105027
2022-01-22 00:55:00,64.301,64.853,64.212,64.421,59401
2022-01-22 01:00:00,64.427,64.678,63.969,64.678,111469
2022-01-22 01:05:00,64.681,64.748,64.2,64.455,83478
2022-01-22 01:10:00,64.453,64.6,64.068,64.224,68022
2022-01-22 01:15:00,64.233,65.032,64.1,65.024,92501
2022-01-22 01:20:00,65.02,65.215,64.616,65.2,57988
2022-01-22 01:25:00,65.198,65.274,64.502,64.593,78396
2022-01-22 01:30:00,64.587,65.219,64.456,65.165,89139
2022-01-22 01:35:00,65.17,65.865,65.1,65.798,107249
2022-01-22 01:40:00,65.773,65.773,65.326,65.36,38281
2022-01-22 01:45:00,65.359,65.596,65.074,65.539,43426
2022-01-22 01:50:00,65.538,65.852,65.47,65.746,46278
2022-01-22 01:55:00,65.736,65.86,65.331,65.677,66609
2022-01-22 02:00:00,65.678,65.8,64.999,65.058,77428
2022-01-22 02:05:00,65.057,65.414,64.774,65.065,63018
2022-01-22 02:10:00,65.067,65.486,65.012,65.338,42630
2022-01-22 02:15:00,65.324,65.674,64.977,65.023,74978
2022-01-22 02:20:00,65.015,65.258,64.744,64.819,55685
2022-01-22 02:25:00,64.835,65.077,64.613,64.842,61793
2022-01-22 02:30:00,64.825,65.105,64.616,64.768,48759
2022-01-22 02:35:00,64.766,65.176,64.522,64.891,47128
2022-01-22 02:40:00,64.888,65.212,64.805,65.109,42069
2022-01-22 02:45:00,65.126,65.374,64.785,64.812,37559
2022-01-22 02:50:00,64.809,65.219,64.666,65.199,78215
2022-01-22 02:55:00,65.197,65.477,65.096,65.252,48483
2022-01-22 03:00:00,65.257,65.979,65.257,65.664,100551
2022-01-22 03:05:00,65.664,65.69,65.337,65.651,50555
2022-01-22 03:10:00,65.654,65.691,65.276,65.351,33029
2022-01-22 03:15:00,65.339,65.493,65.068,65.45,53630
2022-01-22 03:20:00,65.456,65.893,65.437,65.528,61061
2022-01-22 03:25:00,65.526,65.743,64.738,64.825,90077
2022-01-22 03:30:00,64.824,65.112,64.684,64.798,87273
2022-01-22 03:35:00,64.785,65.081,64.188,64.294,93383
2022-01-22 03:40:00,64.293,64.35,63.556,63.909,168170
2022-01-22 03:45:00,63.916,64.3,63.86,64.122,77543
2022-01-22 03:50:00,64.137,64.374,63.773,64.349,61426
2022-01-22 03:55:00,64.344,64.608,64.175,64.467,59137
2022-01-22 04:00:00,64.477,64.799,64.203,64.252,52604
2022-01-22 04:05:00,64.247,64.572,64.034,64.4,69523
2022-01-22 04:10:00,64.4,64.452,63.795,64.372,94889
2022-01-22 04:15:00,64.376,64.439,64.129,64.432,31860
2022-01-22 04:20:00,64.442,64.473,63.864,63.965,41591
2022-01-22 04:25:00,63.972,64.099,63.7,63.725,38669
2022-01-22 04:30:00,63.711,63.96,63.48,63.5,43849
2022-01-22 04:35:00,63.5,63.708,63.236,63.298,74452
2022-01-22 04:40:00,63.292,63.791,63.11,63.625,59727
2022-01-22 04:45:00,63.621,63.804,63.345,63.624,35326
2022-01-22 04:50:00,63.644,63.907,63.436,63.906,32704
2022-01-22 04:55:00,63.904,63.94,63.517,63.567,39488
2022-01-22 05:00:00,63.577,63.82,63.029,63.057,69928
2022-01-22 05:05:00,63.052,63.373,62.975,63.367,58149
2022-01-22 05:10:00,63.367,63.65,63.352,63.585,48805
2022-01-22 05:15:00,63.582,63.709,62.991,63.006,48287
2022-01-22 05:20:00,63.027,63.35,62.406,62.573,143963
2022-01-22 05:25:00,62.57,62.828,62.061,62.078,117076
2022-01-22 05:30:00,62.082,62.413,61.8,61.937,154210
2022-01-22 05:35:00,61.937,62.249,61.56,61.666,147472
2022-01-22 05:40:00,61.666,61.917,60.858,61.06,183712
2022-01-22 05:45:00,61.057,61.525,60.645,61.301,132990
2022-01-22 05:50:00,61.312,61.344,60.529,60.535,137360
2022-01-22 05:55:00,60.544,60.7,60.212,60.571,208363
2022-01-22 06:00:00,60.558,61.404,60.454,60.773,202146
2022-01-22 06:05:00,60.774,61.54,60.75,61.448,152651
2022-01-22 06:10:00,61.441,61.493,60.872,60.994,74599
2022-01-22 06:15:00,60.996,61.124,60.583,60.852,111333
2022-01-22 06:20:00,60.847,61.35,60.738,60.932,100182
2022-01-22 06:25:00,60.932,61.181,60.003,60.068,143112
2022-01-22 06:30:00,60.068,60.499,59.769,59.857,229427
2022-01-22 06:35:00,59.866,59.9,57.648,59.533,596941
2022-01-22 06:40:00,59.531,60.128,59.2,60.061,228388
2022-01-22 06:45:00,60.061,60.159,59.55,60.065,98467
2022-01-22 06:50:00,60.062,60.235,59.0,59.209,125661
2022-01-22 06:55:00,59.214,59.48,58.95,59.203,98400
2022-01-22 07:00:00,59.207,59.462,57.96,58.658,208267
2022-01-22 07:05:00,58.644,59.202,58.635,59.094,140335
2022-01-22 07:10:00,59.088,59.219,58.507,58.734,118888
2022-01-22 07:15:00,58.718,58.935,58.326,58.881,153942
2022-01-22 07:20:00,58.876,58.961,57.69,57.749,153512
2022-01-22 07:25:00,57.766,58.14,56.348,56.786,411756
2022-01-22 07:30:00,56.792,57.569,55.849,57.308,378265
2022-01-22 07:35:00,57.311,57.311,56.666,57.055,174616
2022-01-22 07:40:00,57.055,57.196,56.444,57.03,154188
2022-01-22 07:45:00,57.03,57.4,56.738,57.029,148158
2022-01-22 07:50:00,57.028,57.097,56.16,56.239,132368
2022-01-22 07:55:00,56.239,56.649,55.68,55.68,214125
2022-01-22 08:00:00,55.69,57.126,55.677,57.119,289841
2022-01-22 08:05:00,57.119,58.0,56.798,57.805,308034
2022-01-22 08:10:00,57.81,57.981,57.27,57.475,150402
2022-01-22 08:15:00,57.475,57.87,56.789,56.789,181708
2022-01-22 08:20:00,56.79,57.209,56.663,56.928,116355
2022-01-22 08:25:00,56.938,58.292,56.918,58.152,176580
2022-01-22 08:30:00,58.167,58.914,57.676,57.735,299525
2022-01-22 08:35:00,57.751,58.121,57.425,57.817,142264
2022-01-22 08:40:00,57.814,57.919,57.272,57.534,94791
2022-01-22 08:45:00,57.534,58.1,57.449,58.049,90573
2022-01-22 08:50:00,58.046,58.174,57.344,57.376,126736
2022-01-22 08:55:00,57.37,57.747,57.246,57.472,96533
2022-01-22 09:00:00,57.48,58.057,57.113,58.019,140736
2022-01-22 09:05:00,58.013,58.359,57.559,57.573,166165
2022-01-22 09:10:00,57.573,57.899,57.317,57.838,109685
2022-01-22 09:15:00,57.856,58.414,57.631,58.389,105738
2022-01-22 09:20:00,58.385,58.45,57.605,57.879,97613
2022-01-22 09:25:00,57.874,58.162,57.662,57.851,76551
2022-01-22 09:30:00,57.854,58.15,56.863,57.065,177312
2022-01-22 09:35:00,57.063,57.342,56.45,56.698,169410
2022-01-22 09:40:00,56.698,57.176,56.017,56.705,256837
2022-01-22 09:45:00,56.713,57.079,55.336,56.0,376491
2022-01-22 09:50:00,56.038,57.111,55.992,56.291,260114
2022-01-22 09:55:00,56.276,56.67,55.636,55.988,205643
2022-01-22 10:00:00,55.97,56.437,54.52,54.935,433147
2022-01-22 10:05:00,54.911,55.233,54.02,54.383,418579
2022-01-22 10:10:00,54.383,55.572,53.812,55.085,484638
2022-01-22 10:15:00,55.092,55.447,53.65,54.472,451756
2022-01-22 10:20:00,54.484,56.924,54.427,56.917,379100
2022-01-22 10:25:00,56.901,58.787,56.631,58.273,454123
2022-01-22 10:30:00,58.25,62.619,58.133,61.583,609620
2022-01-22 10:35:00,61.583,61.908,60.388,60.735,508079
2022-01-22 10:40:00,60.728,61.303,60.078,61.235,327045
2022-01-22 10:45:00,61.215,61.419,60.515,61.373,285277
2022-01-22 10:50:00,61.346,61.373,59.76,60.517,335685
2022-01-22 10:55:00,60.517,61.3,60.167,61.26,148871
2022-01-22 11:00:00,61.259,61.8,60.509,61.473,215520
2022-01-22 11:05:00,61.464,61.555,60.553,60.648,145105
2022-01-22 11:10:00,60.63,60.736,59.947,60.142,126429
2022-01-22 11:15:00,60.134,60.395,59.731,59.858,102173
2022-01-22 11:20:00,59.892,60.487,59.801,60.309,94678
2022-01-22 11:25:00,60.309,60.374,59.842,60.147,74175
2022-01-22 11:30:00,60.152,60.513,59.439,59.587,131940
2022-01-22 11:35:00,59.579,59.899,59.471,59.613,88889
2022-01-22 11:40:00,59.614,59.77,58.402,58.87,235655
2022-01-22 11:45:00,58.865,59.112,58.604,58.932,176969
2022-01-22 11:50:00,58.942,59.876,58.705,59.485,156420
2022-01-22 11:55:00,59.507,60.668,59.365,59.965,186720
2022-01-22 12:00:00,59.982,60.811,59.923,60.741,154344
2022-01-22 12:05:00,60.75,60.891,59.937,60.054,137956
2022-01-22 12:10:00,60.061,61.098,59.96,60.566,173066
2022-01-22 12:15:00,60.546,62.225,60.398,62.109,333321
2022-01-22 12:20:00,62.111,62.65,61.647,61.71,265977
2022-01-22 12:25:00,61.716,62.047,61.55,61.788,178457
2022-01-22 12:30:00,61.783,63.0,61.729,62.982,225900
2022-01-22 12:35:00,62.977,63.564,62.72,63.188,262651
2022-01-22 12:40:00,63.2,63.355,62.893,63.315,171516
2022-01-22 12:45:00,63.3,63.768,63.228,63.686,214538
2022-01-22 12:50:00,63.694,64.236,63.5,64.226,189823
2022-01-22 12:55:00,64.208,64.235,63.42,63.867,252499
2022-01-22 13:00:00,63.867,63.867,63.0,63.295,232469
2022-01-22 13:05:00,63.289,64.301,63.2,64.249,161039
2022-01-22 13:10:00,64.237,64.617,63.949,64.557,190361
2022-01-22 13:15:00,64.556,65.5,64.192,65.092,502533
2022-01-22 13:20:00,65.076,65.169,64.539,64.786,154976
2022-01-22 13:25:00,64.8,64.847,63.766,64.065,265621
2022-01-22 13:30:00,64.06,64.712,63.541,64.512,214134
2022-01-22 13:35:00,64.496,64.569,63.645,63.945,177039
2022-01-22 13:40:00,63.945,64.314,63.6,64.015,145277
2022-01-22 13:45:00,64.007,64.3,63.531,63.908,111917
2022-01-22 13:50:00,63.925,64.314,63.408,63.579,113873
2022-01-22 13:55:00,63.576,63.806,63.31,63.439,103950
2022-01-22 14:00:00,63.43,63.659,62.796,63.03,221178
2022-01-22 14:05:00,63.041,63.35,62.777,63.154,121108
2022-01-22 14:10:00,63.152,63.737,62.948,63.02,188197
2022-01-22 14:15:00,63.015,63.551,63.015,63.446,90021
2022-01-22 14:20:00,63.456,63.888,63.355,63.38,111494
2022-01-22 14:25:00,63.38,63.546,62.919,63.18,82182
2022-01-22 14:30:00,63.176,63.353,62.547,63.043,141153
2022-01-22 14:35:00,63.025,63.493,62.923,63.24,77722
2022-01-22 14:40:00,63.248,63.782,63.129,63.306,93504
2022-01-22 14:45:00,63.308,63.965,63.148,63.25,89868
2022-01-22 14:50:00,63.25,63.25,62.289,62.434,173619
2022-01-22 14:55:00,62.435,62.485,61.823,61.895,245758
2022-01-22 15:00:00,61.867,63.07,61.867,63.04,240159
2022-01-22 15:05:00,63.028,63.221,62.359,62.575,146828
2022-01-22 15:10:00,62.599,62.984,61.776,61.894,149876
2022-01-22 15:15:00,61.892,62.43,61.17,61.373,165487
2022-01-22 15:20:00,61.373,61.691,61.218,61.516,132731
2022-01-22 15:25:00,61.512,61.999,61.21,61.329,119819
2022-01-22 15:30:00,61.329,61.35,60.595,61.278,186407
2022-01-22 15:35:00,61.278,61.628,60.861,61.11,128518
2022-01-22 15:40:00,61.126,61.493,60.358,61.03,179869
2022-01-22 15:45:00,61.038,61.08,60.168,60.259,121206
2022-01-22 15:50:00,60.252,60.757,60.11,60.182,109379
2022-01-22 15:55:00,60.181,60.451,59.608,59.693,156240
2022-01-22 16:00:00,59.688,59.985,59.051,59.221,252991
2022-01-22 16:05:00,59.22,62.453,59.117,62.202,521067
2022-01-22 16:10:00,62.202,63.896,61.48,63.56,463150
2022-01-22 16:15:00,63.584,64.686,62.823,63.13,401696
2022-01-22 16:20:00,63.131,63.348,62.169,62.527,297428
2022-01-22 16:25:00,62.527,63.431,62.277,62.405,214079
2022-01-22 16:30:00,62.407,63.096,62.302,62.517,128304
2022-01-22 16:35:00,62.517,62.701,62.013,62.301,110503
2022-01-22 16:40:00,62.298,62.553,61.64,62.275,136334
2022-01-22 16:45:00,62.275,62.395,61.338,61.51,156252
2022-01-22 16:50:00,61.488,61.51,60.545,61.363,292245
2022-01-22 16:55:00,61.369,61.825,61.188,61.656,155636
2022-01-22 17:00:00,61.649,62.448,61.418,62.217,163456
2022-01-22 17:05:00,62.207,62.399,61.577,62.143,106724
2022-01-22 17:10:00,62.131,62.131,60.626,61.221,210728
2022-01-22 17:15:00,61.202,61.909,61.025,61.581,128645
2022-01-22 17:20:00,61.573,61.573,60.938,61.158,107023
2022-01-22 17:25:00,61.18,61.691,60.726,61.096,133932
2022-01-22 17:30:00,61.078,61.777,61.01,61.133,143481
2022-01-22 17:35:00,61.125,62.163,61.093,61.867,126390
2022-01-22 17:40:00,61.873,62.587,61.55,62.057,149193
2022-01-22 17:45:00,62.052,62.646,61.925,62.221,92159
2022-01-22 17:50:00,62.233,62.344,61.332,61.644,151185
2022-01-22 17:55:00,61.654,62.2,61.506,61.854,97921
2022-01-22 18:00:00,61.849,62.124,60.954,61.616,168191
2022-01-22 18:05:00,61.622,62.087,60.855,61.438,196905
2022-01-22 18:10:00,61.442,61.581,60.873,61.326,129693
2022-01-22 18:15:00,61.289,62.182,61.172,61.91,164436
2022-01-22 18:20:00,61.907,61.979,61.353,61.382,92744
2022-01-22 18:25:00,61.383,61.628,60.821,61.206,143398
2022-01-22 18:30:00,61.187,61.281,60.321,60.517,198551
2022-01-22 18:35:00,60.516,60.769,59.741,59.889,164684
2022-01-22 18:40:00,59.885,60.371,59.872,60.193,107867
2022-01-22 18:45:00,60.2,61.159,60.2,60.946,135629
2022-01-22 18:50:00,60.952,60.996,60.441,60.79,70331
2022-01-22 18:55:00,60.814,60.937,60.076,60.186,76304
2022-01-22 19:00:00,60.184,61.239,60.169,61.048,99472
2022-01-22 19:05:00,61.047,61.178,60.733,60.833,46855
2022-01-22 19:10:00,60.815,61.225,60.368,61.138,88132
2022-01-22 19:15:00,61.15,61.717,60.634,60.684,146015
2022-01-22 19:20:00,60.692,60.869,60.32,60.351,82400
2022-01-22 19:25:00,60.356,61.059,60.301,60.763,64106
2022-01-22 19:30:00,60.765,61.497,60.742,61.305,69081
2022-01-22 19:35:00,61.305,61.63,61.066,61.287,61499
2022-01-22 19:40:00,61.282,61.545,60.833,61.344,82334
2022-01-22 19:45:00,61.365,63.063,61.088,62.852,190753
2022-01-22 19:50:00,62.838,62.838,61.558,61.645,120417
2022-01-22 19:55:00,61.631,61.839,61.098,61.381,117261
2022-01-22 20:00:00,61.376,61.819,60.794,61.001,140256
2022-01-22 20:05:00,60.996,63.108,60.996,62.945,191288
2022-01-22 20:10:00,62.947,64.324,62.518,64.013,247615
2022-01-22 20:15:00,64.003,64.812,63.594,64.085,235046
2022-01-22 20:20:00,64.076,64.086,62.494,62.751,208187
2022-01-22 20:25:00,62.752,63.537,62.56,62.772,131070
2022-01-22 20:30:00,62.779,63.563,62.642,63.207,122136
2022-01-22 20:35:00,63.206,63.791,62.977,63.443,94118
2022-01-22 20:40:00,63.458,63.579,62.721,62.756,74053
2022-01-22 20:45:00,62.733,63.913,62.143,63.209,261840
2022-01-22 20:50:00,63.219,64.142,63.187,63.963,122035
2022-01-22 20:55:00,63.964,64.733,63.65,63.828,136986
2022-01-22 21:00:00,63.822,64.0,63.152,63.416,99530
2022-01-22 21:05:00,63.418,63.427,62.85,62.964,78681
2022-01-22 21:10:00,62.964,63.132,62.621,62.733,75722
2022-01-22 21:15:00,62.738,63.708,62.616,63.451,108806
2022-01-22 21:20:00,63.438,63.808,63.382,63.541,61714
2022-01-22 21:25:00,63.54,63.632,63.159,63.311,50764
2022-01-22 21:30:00,63.336,63.769,62.876,63.538,69730
2022-01-22 21:35:00,63.52,63.821,63.225,63.804,64187
2022-01-22 21:40:00,63.8,64.004,63.514,63.926,71132
2022-01-22 21:45:00,63.901,64.038,63.504,63.819,74112
2022-01-22 21:50:00,63.813,64.754,63.775,64.723,107826
2022-01-22 21:55:00,64.705,65.405,64.311,64.717,196148
2022-01-22 22:00:00,64.717,64.868,64.185,64.701,163466
2022-01-22 22:05:00,64.707,65.135,64.397,64.638,105016
2022-01-22 22:10:00,64.651,64.765,64.193,64.679,92745
2022-01-22 22:15:00,64.661,64.814,64.215,64.405,80580
2022-01-22 22:20:00,64.408,64.545,64.008,64.316,76734
2022-01-22 22:25:00,64.312,64.312,63.66,63.76,69772
2022-01-22 22:30:00,63.76,63.76,63.174,63.22,86856
2022-01-22 22:35:00,63.214,63.309,62.696,62.711,62489
2022-01-22 22:40:00,62.705,62.895,62.521,62.604,53710
2022-01-22 22:45:00,62.604,62.606,62.084,62.192,71962
2022-01-22 22:50:00,62.171,62.816,62.051,62.067,118495
2022-01-22 22:55:00,62.076,62.544,61.955,62.45,62662
2022-01-22 23:00:00,62.45,62.495,61.956,62.191,52020
2022-01-22 23:05:00,62.194,62.22,61.588,61.588,77218
2022-01-22 23:10:00,61.598,62.292,61.55,62.012,99060
2022-01-22 23:15:00,62.006,62.175,61.744,62.092,63306
2022-01-22 23:20:00,62.085,62.491,61.932,62.006,55989
2022-01-22 23:25:00,62.007,62.671,61.99,62.651,43997
2022-01-22 23:30:00,62.657,62.747,62.392,62.437,64203
2022-01-22 23:35:00,62.417,62.486,62.138,62.256,51792
2022-01-22 23:40:00,62.256,62.448,61.9,61.956,50639
2022-01-22 23:45:00,61.967,62.51,61.751,62.454,65553
2022-01-22 23:50:00,62.445,62.598,62.169,62.518,27528
2022-01-22 23:55:00,62.517,62.942,62.237,62.816,78681
2022-01-23 00:00:00,62.837,63.322,62.721,63.201,100881
2022-01-23 00:05:00,63.214,65.198,63.167,65.143,236266
2022-01-23 00:10:00,65.135,65.713,64.338,64.423,226677
2022-01-23 00:15:00,64.418,64.725,64.075,64.469,115018
2022-01-23 00:20:00,64.469,65.422,64.469,65.218,169841
2022-01-23 00:25:00,65.217,66.076,65.015,65.461,231582
2022-01-23 00:30:00,65.457,66.644,65.397,65.929,287839
2022-01-23 00:35:00,65.932,66.611,65.48,66.564,182207
2022-01-23 00:40:00,66.571,66.66,66.0,66.19,122059
2022-01-23 00:45:00,66.19,66.988,66.051,66.82,180614
2022-01-23 00:50:00,66.82,67.233,66.546,67.152,133075
2022-01-23 00:55:00,67.157,67.266,66.591,67.188,150241
2022-01-23 01:00:00,67.179,67.18,66.18,66.53,191644
2022-01-23 01:05:00,66.529,66.692,66.068,66.663,96715
2022-01-23 01:10:00,66.656,66.734,66.27,66.547,82417
2022-01-23 01:15:00,66.548,66.764,66.197,66.741,81068
2022-01-23 01:20:00,66.73,67.359,66.702,67.202,144836
2022-01-23 01:25:00,67.202,67.202,66.66,66.854,109110
2022-01-23 01:30:00,66.867,67.348,66.816,66.999,98189
2022-01-23 01:35:00,66.998,67.242,66.755,67.231,101812
2022-01-23 01:40:00,67.22,67.303,66.633,66.831,65444
2022-01-23 01:45:00,66.828,67.128,66.6,66.676,84135
2022-01-23 01:50:00,66.676,66.789,66.294,66.488,95673
2022-01-23 01:55:00,66.502,66.684,66.01,66.134,101294
2022-01-23 02:00:00,66.136,66.176,65.745,65.9,105028
2022-01-23 02:05:00,65.902,65.902,65.58,65.721,75625
2022-01-23 02:10:00,65.736,65.774,64.88,65.08,135969
2022-01-23 02:15:00,65.092,65.396,64.961,65.145,93143
2022-01-23 02:20:00,65.146,65.326,64.836,65.152,72731
2022-01-23 02:25:00,65.158,65.671,64.972,65.55,75827
2022-01-23 02:30:00,65.55,65.88,65.397,65.508,108282
2022-01-23 02:35:00,65.523,65.75,65.291,65.639,59013
2022-01-23 02:40:00,65.64,65.718,64.815,64.961,107138
2022-01-23 02:45:00,64.981,65.253,64.529,64.613,112984
2022-01-23 02:50:00,64.615,65.088,64.543,64.874,74149
2022-01-23 02:55:00,64.869,64.956,64.3,64.568,105702
2022-01-23 03:00:00,64.568,65.057,64.429,64.489,89218
2022-01-23 03:05:00,64.477,64.489,63.85,64.215,150934
2022-01-23 03:10:00,64.199,64.266,63.6,63.773,92854
2022-01-23 03:15:00,63.773,64.239,63.772,64.012,83763
2022-01-23 03:20:00,64.014,64.162,63.548,63.575,75157
2022-01-23 03:25:00,63.581,64.035,63.545,64.029,57487
2022-01-23 03:30:00,64.015,64.361,63.79,64.361,68828
2022-01-23 03:35:00,64.36,64.946,64.35,64.893,99707
2022-01-23 03:40:00,64.896,65.636,64.704,65.444,148553
2022-01-23 03:45:00,65.44,65.635,65.07,65.499,95513
2022-01-23 03:50:00,65.49,65.916,65.266,65.827,84387
2022-01-23 03:55:00,65.826,65.98,65.591,65.855,71378
2022-01-23 04:00:00,65.844,65.98,65.329,65.739,96121
2022-01-23 04:05:00,65.738,65.964,65.26,65.924,85225
2022-01-23 04:10:00,65.929,66.799,65.874,66.742,170371
2022-01-23 04:15:00,66.761,66.794,66.345,66.491,83630
2022-01-23 04:20:00,66.491,66.78,66.221,66.521,89366
2022-01-23 04:25:00,66.522,66.844,66.282,66.657,83840
2022-01-23 04:30:00,66.652,66.845,66.4,66.502,64759
2022-01-23 04:35:00,66.49,66.577,65.815,65.959,126213
2022-01-23 04:40:00,65.96,66.198,65.801,66.103,47906
2022-01-23 04:45:00,66.098,66.353,65.653,66.314,80688
2022-01-23 04:50:00,66.31,66.314,65.948,66.018,57968
2022-01-23 04:55:00,66.019,66.199,66.019,66.168,27058
2022-01-23 05:00:00,66.16,66.233,65.784,65.88,80494
2022-01-23 05:05:00,65.871,66.178,65.8,65.868,67687
2022-01-23 05:10:00,65.865,65.886,65.195,65.455,145753
2022-01-23 05:15:00,65.446,65.99,65.265,65.949,80473
2022-01-23 05:20:00,65.949,66.195,65.869,65.893,81393
2022-01-23 05:25:00,65.891,66.151,65.886,66.105,45884
2022-01-23 05:30:00,66.114,66.233,66.036,66.233,83016
2022-01-23 05:35:00,66.227,66.454,66.071,66.324,75777
2022-01-23 05:40:00,66.307,66.5,66.032,66.48,51329
2022-01-23 05:45:00,66.48,67.329,66.104,67.199,164419
2022-01-23 05:50:00,67.202,67.669,67.008,67.659,181982
2022-01-23 05:55:00,67.635,68.2,67.376,67.646,208832
2022-01-23 06:00:00,67.64,68.136,67.22,67.252,158524
2022-01-23 06:05:00,67.267,67.409,67.01,67.219,105455
2022-01-23 06:10:00,67.227,67.54,67.0,67.431,67972
2022-01-23 06:15:00,67.428,67.987,67.319,67.461,109541
2022-01-23 06:20:00,67.462,67.862,67.316,67.817,65374
2022-01-23 06:25:00,67.816,67.996,67.556,67.843,64335
2022-01-23 06:30:00,67.84,68.3,67.78,68.044,129882
2022-01-23 06:35:00,68.049,68.144,67.525,67.829,110440
2022-01-23 06:40:00,67.825,67.891,67.189,67.401,133788
2022-01-23 06:45:00,67.399,67.8,67.2,67.624,80704
2022-01-23 06:50:00,67.629,68.037,67.488,67.899,66995
2022-01-23 06:55:00,67.896,68.464,67.705,68.235,141020
2022-01-23 07:00:00,68.246,68.475,67.904,68.359,122427
2022-01-23 07:05:00,68.356,69.16,68.222,68.758,288367
2022-01-23 07:10:00,68.772,69.1,68.65,68.997,123607
2022-01-23 07:15:00,68.997,69.05,68.797,68.933,91699
2022-01-23 07:20:00,68.922,68.942,68.511,68.585,106434
2022-01-23 07:25:00,68.595,68.95,68.247,68.851,141768
2022-01-23 07:30:00,68.847,68.959,68.37,68.685,86124
2022-01-23 07:35:00,68.679,68.904,68.43,68.844,63805
2022-01-23 07:40:00,68.827,69.38,68.797,69.144,99504
2022-01-23 07:45:00,69.132,69.185,68.6,68.659,87156
2022-01-23 07:50:00,68.666,68.875,68.482,68.741,79741
2022-01-23 07:55:00,68.74,68.994,68.4,68.446,99757
2022-01-23 08:00:00,68.449,68.663,68.222,68.6,117685
2022-01-23 08:05:00,68.611,68.892,68.36,68.892,78361
2022-01-23 08:10:00,68.893,69.74,68.37,69.182,370869
2022-01-23 08:15:00,69.168,69.441,68.611,68.855,184321
2022-01-23 08:20:00,68.848,68.848,68.503,68.509,100389
2022-01-23 08:25:00,68.513,68.958,67.755,67.897,254983
2022-01-23 08:30:00,67.897,68.45,67.873,68.264,123611
2022-01-23 08:35:00,68.262,68.508,68.0,68.086,104765
2022-01-23 08:40:00,68.079,68.391,68.0,68.283,52540
2022-01-23 08:45:00,68.278,68.391,68.0,68.04,80068
2022-01-23 08:50:00,68.041,68.095,67.71,67.872,83016
2022-01-23 08:55:00,67.872,68.5,67.84,68.5,65675
2022-01-23 09:00:00,68.5,68.88,68.178,68.79,142363
2022-01-23 09:05:00,68.776,69.218,68.584,69.12,93673
2022-01-23 09:10:00,69.12,69.465,68.892,69.45,111608
2022-01-23 09:15:00,69.445,69.49,68.804,68.837,106097
2022-01-23 09:20:00,68.853,69.2,68.732,69.136,78236
2022-01-23 09:25:00,69.147,69.361,68.717,69.271,101834
2022-01-23 09:30:00,69.277,69.64,69.038,69.07,152463
2022-01-23 09:35:00,69.065,69.21,68.471,68.673,165313
2022-01-23 09:40:00,68.665,68.666,68.106,68.306,104347
2022-01-23 09:45:00,68.299,68.681,67.994,68.452,127826
2022-01-23 09:50:00,68.452,68.8,68.245,68.687,79888
2022-01-23 09:55:00,68.688,68.688,68.046,68.097,76419
2022-01-23 10:00:00,68.09,68.408,68.061,68.21,71750
2022-01-23 10:05:00,68.21,68.21,67.668,67.932,116915
2022-01-23 10:10:00,67.93,68.099,67.581,68.066,95482
2022-01-23 10:15:00,68.073,68.088,67.763,67.951,63433
2022-01-23 10:20:00,67.951,68.465,67.708,68.427,87713
2022-01-23 10:25:00,68.427,68.862,68.408,68.681,91297
2022-01-23 10:30:00,68.674,68.96,68.209,68.338,104759
2022-01-23 10:35:00,68.345,68.478,68.241,68.266,56181
2022-01-23 10:40:00,68.282,68.764,68.271,68.67,47179
2022-01-23 10:45:00,68.675,68.846,68.231,68.25,68875
2022-01-23 10:50:00,68.248,68.392,67.938,68.372,78635
2022-01-23 10:55:00,68.377,68.6,68.181,68.555,56467
2022-01-23 11:00:00,68.554,68.736,68.387,68.429,67145
2022-01-23 11:05:00,68.429,68.537,68.181,68.537,41226
2022-01-23 11:10:00,68.537,68.738,68.337,68.69,33782
2022-01-23 11:15:00,68.683,68.762,68.2,68.207,47067
2022-01-23 11:20:00,68.2,68.371,67.823,67.994,84816
2022-01-23 11:25:00,68.0,68.0,67.377,67.459,122753
2022-01-23 11:30:00,67.458,67.478,66.803,67.398,214645
2022-01-23 11:35:00,67.385,67.499,66.763,66.989,169393
2022-01-23 11:40:00,66.98,67.861,66.975,67.829,166675
2022-01-23 11:45:00,67.819,68.099,67.558,67.994,71116
2022-01-23 11:50:00,67.991,68.327,67.941,68.0,123527
2022-01-23 11:55:00,68.001,68.027,67.755,67.893,61487
2022-01-23 12:00:00,67.893,68.141,67.737,67.982,74798
2022-01-23 12:05:00,67.972,68.0,67.365,67.607,66423
2022-01-23 12:10:00,67.603,67.64,67.21,67.279,76357
2022-01-23 12:15:00,67.276,67.547,67.168,67.211,114358
2022-01-23 12:20:00,67.2,68.308,67.011,67.883,212029
2022-01-23 12:25:00,67.88,67.918,67.495,67.788,90442
2022-01-23 12:30:00,67.788,68.098,67.65,67.935,75359
2022-01-23 12:35:00,67.924,68.588,67.741,68.111,160445
2022-01-23 12:40:00,68.116,68.2,67.582,67.667,95011
2022-01-23 12:45:00,67.65,67.871,67.348,67.564,117410
2022-01-23 12:50:00,67.564,68.175,67.554,67.744,138173
2022-01-23 12:55:00,67.747,68.268,67.688,68.124,57251
2022-01-23 13:00:00,68.118,68.488,67.849,68.404,101518
2022-01-23 13:05:00,68.404,68.54,68.148,68.278,53296
2022-01-23 13:10:00,68.264,69.224,68.242,68.827,203538
2022-01-23 13:15:00,68.823,68.911,68.568,68.617,61510
2022-01-23 13:20:00,68.614,68.897,68.613,68.764,56435
2022-01-23 13:25:00,68.756,69.221,68.709,68.976,66404
2022-01-23 13:30:00,68.976,69.133,68.53,68.731,74616
2022-01-23 13:35:00,68.733,68.765,68.359,68.407,61256
2022-01-23 13:40:00,68.405,68.706,68.3,68.518,49639
2022-01-23 13:45:00,68.511,68.908,68.5,68.867,59916
2022-01-23 13:50:00,68.849,68.998,68.701,68.912,45541
2022-01-23 13:55:00,68.901,69.2,68.821,68.975,83530
2022-01-23 14:00:00,68.981,69.27,68.809,68.824,100929
2022-01-23 14:05:00,68.823,68.895,68.526,68.795,88993
2022-01-23 14:10:00,68.794,68.814,68.208,68.44,99252
2022-01-23 14:15:00,68.439,68.471,67.337,67.465,258735
2022-01-23 14:20:00,67.47,67.88,67.01,67.173,184310
2022-01-23 14:25:00,67.158,67.497,66.861,67.497,143197
2022-01-23 14:30:00,67.497,67.497,66.874,66.969,150000
2022-01-23 14:35:00,66.97,67.258,66.514,66.63,152137
2022-01-23 14:40:00,66.627,66.833,66.22,66.505,198369
2022-01-23 14:45:00,66.506,66.885,65.5,65.835,283495
2022-01-23 14:50:00,65.826,66.456,65.723,66.296,187773
2022-01-23 14:55:00,66.283,67.611,66.266,67.388,244946
2022-01-23 15:00:00,67.378,68.347,67.111,67.279,300859
2022-01-23 15:05:00,67.258,67.524,66.803,67.054,123305
2022-01-23 15:10:00,67.045,67.319,66.6,66.775,121695
2022-01-23 15:15:00,66.775,67.193,66.664,66.759,121113
2022-01-23 15:20:00,66.759,67.42,66.759,67.196,93908
2022-01-23 15:25:00,67.193,67.332,66.883,67.064,55397
2022-01-23 15:30:00,67.044,67.131,66.666,67.109,77501
2022-01-23 15:35:00,67.119,67.271,66.911,66.967,41040
2022-01-23 15:40:00,66.965,67.232,66.8,67.126,51808
2022-01-23 15:45:00,67.136,67.151,66.677,66.711,45158
2022-01-23 15:50:00,66.703,66.992,66.368,66.657,74854
2022-01-23 15:55:00,66.654,67.47,66.627,67.29,111802
2022-01-23 16:00:00,67.283,67.896,67.128,67.584,148735
2022-01-23 16:05:00,67.573,68.355,67.467,67.994,139656
2022-01-23 16:10:00,67.986,68.123,67.545,67.748,79651
2022-01-23 16:15:00,67.746,68.25,67.664,68.05,63304
2022-01-23 16:20:00,68.04,68.063,67.429,67.445,63765
2022-01-23 16:25:00,67.444,67.515,66.904,66.945,90152
2022-01-23 16:30:00,66.918,67.339,66.818,67.071,76819
2022-01-23 16:35:00,67.066,67.403,67.017,67.232,61448
2022-01-23 16:40:00,67.251,67.452,67.0,67.025,39368
2022-01-23 16:45:00,67.022,67.383,66.988,67.122,37890
2022-01-23 16:50:00,67.121,67.185,66.812,66.85,39115
2022-01-23 16:55:00,66.854,66.921,66.414,66.639,67785
2022-01-23 17:00:00,66.605,67.13,66.449,66.974,83972
2022-01-23 17:05:00,66.98,67.086,66.677,66.974,43007
2022-01-23 17:10:00,66.974,67.247,66.974,67.153,31117
2022-01-23 17:15:00,67.152,67.164,66.666,66.814,55110
2022-01-23 17:20:00,66.814,67.273,66.765,67.134,42758
2022-01-23 17:25:00,67.147,67.422,67.085,67.267,42416
2022-01-23 17:30:00,67.289,67.536,67.12,67.362,36678
2022-01-23 17:35:00,67.368,67.739,67.175,67.739,43754
2022-01-23 17:40:00,67.73,67.84,67.485,67.705,35929
2022-01-23 17:45:00,67.706,67.85,67.602,67.76,33691
2022-01-23 17:50:00,67.755,67.757,67.452,67.468,24693
2022-01-23 17:55:00,67.468,67.524,67.029,67.102,53777
2022-01-23 18:00:00,67.105,67.287,66.989,67.252,52797
2022-01-23 18:05:00,67.259,67.264,66.701,66.75,75142
2022-01-23 18:10:00,66.75,66.875,66.514,66.586,50994
2022-01-23 18:15:00,66.586,66.977,66.405,66.417,71875
2022-01-23 18:20:00,66.426,66.589,66.025,66.032,78930
2022-01-23 18:25:00,66.044,66.284,65.8,66.176,89159
2022-01-23 18:30:00,66.173,66.256,65.835,66.059,73732
2022-01-23 18:35:00,66.057,66.233,66.011,66.032,25776
2022-01-23 18:40:00,66.044,66.047,65.7,65.748,60938
2022-01-23 18:45:00,65.749,65.9,65.163,65.193,110393
2022-01-23 18:50:00,65.208,65.425,65.003,65.113,94238
2022-01-23 18:55:00,65.117,65.59,65.0,65.485,99970
2022-01-23 19:00:00,65.484,65.925,65.318,65.579,77008
2022-01-23 19:05:00,65.565,65.747,65.258,65.289,58278
2022-01-23 19:10:00,65.29,65.461,64.966,65.116,51981
2022-01-23 19:15:00,65.104,65.117,64.25,64.875,177904
2022-01-23 19:20:00,64.869,65.244,64.7,65.172,80218
2022-01-23 19:25:00,65.153,65.662,64.983,65.512,104871
2022-01-23 19:30:00,65.514,65.828,65.47,65.646,69080
2022-01-23 19:35:00,65.644,65.734,64.751,64.893,106777
2022-01-23 19:40:00,64.89,65.261,64.622,64.925,151176
2022-01-23 19:45:00,64.929,65.449,64.803,65.34,83716
2022-01-23 19:50:00,65.315,65.345,64.8,64.893,82787
2022-01-23 19:55:00,64.905,65.227,64.715,65.099,100067
2022-01-23 20:00:00,65.103,65.444,64.825,65.22,79118
2022-01-23 20:05:00,65.254,65.8,65.254,65.743,88464
2022-01-23 20:10:00,65.733,66.621,65.6,66.402,136281
2022-01-23 20:15:00,66.4,66.66,65.885,65.931,108944
2022-01-23 20:20:00,65.933,66.122,65.707,65.819,75508
2022-01-23 20:25:00,65.821,65.863,65.356,65.491,53949
2022-01-23 20:30:00,65.494,65.814,65.346,65.6,49573
2022-01-23 20:35:00,65.6,66.15,65.578,66.108,54574
2022-01-23 20:40:00,66.127,66.246,65.873,66.1,36334
2022-01-23 20:45:00,66.089,66.57,65.894,66.349,69056
2022-01-23 20:50:00,66.349,66.422,66.16,66.209,47833
2022-01-23 20:55:00,66.219,66.399,65.825,66.079,67269
2022-01-23 21:00:00,66.082,66.28,65.753,65.927,64124
2022-01-23 21:05:00,65.917,65.931,65.51,65.513,44779
2022-01-23 21:10:00,65.513,66.139,65.452,66.014,63607
2022-01-23 21:15:00,66.015,66.235,65.836,66.212,50335
2022-01-23 21:20:00,66.203,66.434,66.002,66.417,46590
2022-01-23 21:25:00,66.401,66.5,65.979,66.012,68924
2022-01-23 21:30:00,66.037,66.387,65.752,65.898,75373
2022-01-23 21:35:00,65.904,66.28,65.857,66.262,20930
2022-01-23 21:40:00,66.276,67.0,66.149,66.955,129222
2022-01-23 21:45:00,66.951,67.142,66.521,66.632,72692
2022-01-23 21:50:00,66.644,66.75,66.467,66.596,41722
2022-01-23 21:55:00,66.59,66.845,66.083,66.29,121002
2022-01-23 22:00:00,66.294,66.314,65.92,66.093,54209
2022-01-23 22:05:00,66.099,66.476,65.929,66.476,40010
2022-01-23 22:10:00,66.472,66.527,66.166,66.241,58578
2022-01-23 22:15:00,66.24,66.608,66.0,66.427,32460
2022-01-23 22:20:00,66.433,66.538,66.1,66.102,48662
2022-01-23 22:25:00,66.102,66.408,66.1,66.317,26271
2022-01-23 22:30:00,66.309,66.758,66.296,66.756,32889
2022-01-23 22:35:00,66.741,66.837,66.4,66.477,32948
2022-01-23 22:40:00,66.447,66.537,66.049,66.123,33671
2022-01-23 22:45:00,66.122,66.5,65.971,66.318,46507
2022-01-23 22:50:00,66.313,66.709,66.213,66.393,44859
2022-01-23 22:55:00,66.385,66.68,66.282,66.619,35539
2022-01-23 23:00:00,66.609,67.77,66.344,67.47,166939
2022-01-23 23:05:00,67.47,68.424,67.359,68.343,171300
2022-01-23 23:10:00,68.343,69.4,68.23,69.098,254083
2022-01-23 23:15:00,69.114,69.648,68.5,69.591,176942
2022-01-23 23:20:00,69.591,70.409,69.411,69.606,292006
2022-01-23 23:25:00,69.613,70.131,69.306,69.809,164870
2022-01-23 23:30:00,69.809,69.853,69.028,69.129,132977
2022-01-23 23:35:00,69.135,69.54,69.073,69.355,82129
2022-01-23 23:40:00,69.341,69.398,68.919,69.349,73539
2022-01-23 23:45:00,69.348,70.15,69.296,69.972,132824
2022-01-23 23:50:00,69.979,70.095,69.567,69.766,79526
2022-01-23 23:55:00,69.768,69.846,69.544,69.689,43090
2022-01-24 00:00:00,69.693,69.768,69.229,69.379,82856
2022-01-24 00:05:00,69.377,69.436,68.503,68.99,176877
2022-01-24 00:10:00,68.986,69.164,68.683,69.051,59049
2022-01-24 00:15:00,69.065,69.279,68.736,68.74,55335
2022-01-24 00:20:00,68.753,68.833,68.176,68.344,97967
2022-01-24 00:25:00,68.339,68.568,68.275,68.391,67201
2022-01-24 00:30:00,68.389,68.626,68.045,68.292,128338
2022-01-24 00:35:00,68.288,68.494,67.916,68.303,66090
2022-01-24 00:40:00,68.31,68.453,67.956,67.998,38869
2022-01-24 00:45:00,67.997,68.576,67.997,68.482,51398
2022-01-24 00:50:00,68.485,68.695,68.314,68.4,42752
2022-01-24 00:55:00,68.411,68.598,68.123,68.305,33525
2022-01-24 01:00:00,68.305,68.684,68.218,68.604,48495
2022-01-24 01:05:00,68.599,68.936,68.565,68.627,62285
2022-01-24 01:10:00,68.624,68.765,68.456,68.523,42525
2022-01-24 01:15:00,68.523,69.002,68.394,68.896,46758
2022-01-24 01:20:00,68.896,68.931,68.442,68.568,32680
2022-01-24 01:25:00,68.573,68.726,68.188,68.271,50701
2022-01-24 01:30:00,68.238,68.265,67.918,68.194,79947
2022-01-24 01:35:00,68.187,68.294,67.946,68.115,28850
2022-01-24 01:40:00,68.113,68.185,67.628,67.628,66237
2022-01-24 01:45:00,67.625,67.934,67.603,67.652,44585
2022-01-24 01:50:00,67.652,67.683,67.158,67.239,110127
2022-01-24 01:55:00,67.24,67.483,67.238,67.34,32678
2022-01-24 02:00:00,67.337,67.53,66.83,66.916,118309
2022-01-24 02:05:00,66.913,67.038,66.751,66.829,71560
2022-01-24 02:10:00,66.832,67.0,66.673,66.744,40337
2022-01-24 02:15:00,66.76,67.02,66.433,66.533,62072
2022-01-24 02:20:00,66.542,66.66,66.35,66.428,55933
2022-01-24 02:25:00,66.427,66.69,66.412,66.5,44350
2022-01-24 02:30:00,66.497,66.75,66.48,66.501,39738
2022-01-24 02:35:00,66.501,66.555,66.255,66.455,42798
2022-01-24 02:40:00,66.457,66.495,66.086,66.283,45193
2022-01-24 02:45:00,66.283,66.427,66.176,66.231,32064
2022-01-24 02:50:00,66.223,66.368,66.08,66.197,46556
2022-01-24 02:55:00,66.186,66.295,65.884,65.955,73653
2022-01-24 03:00:00,65.976,66.265,65.848,66.262,64804
2022-01-24 03:05:00,66.263,66.43,66.15,66.176,48768
2022-01-24 03:10:00,66.174,66.367,66.15,66.284,30403
2022-01-24 03:15:00,66.283,66.33,66.1,66.188,28002
2022-01-24 03:20:00,66.184,66.274,66.099,66.107,18505
2022-01-24 03:25:00,66.106,66.179,65.945,66.05,47540
2022-01-24 03:30:00,66.05,66.369,66.049,66.308,32367
2022-01-24 03:35:00,66.308,66.408,66.168,66.228,28821
2022-01-24 03:40:00,66.224,66.295,66.11,66.157,22450
2022-01-24 03:45:00,66.15,66.231,66.002,66.221,44983
2022-01-24 03:50:00,66.227,66.5,66.2,66.5,50700
2022-01-24 03:55:00,66.5,66.628,66.42,66.495,49230
2022-01-24 04:00:00,66.478,66.75,66.477,66.719,57400
2022-01-24 04:05:00,66.72,66.823,66.501,66.541,50206
2022-01-24 04:10:00,66.534,66.666,66.317,66.437,37150
2022-01-24 04:15:00,66.438,66.462,66.14,66.431,34022
2022-01-24 04:20:00,66.427,66.444,65.986,66.176,57712
2022-01-24 04:25:00,66.183,66.731,66.101,66.428,116654
2022-01-24 04:30:00,66.435,66.588,66.369,66.568,37104
2022-01-24 04:35:00,66.569,66.68,66.12,66.158,47830
2022-01-24 04:40:00,66.16,66.181,65.6,65.698,98632
2022-01-24 04:45:00,65.7,65.826,65.292,65.397,90044
2022-01-24 04:50:00,65.396,65.515,65.31,65.493,72398
2022-01-24 04:55:00,65.497,65.525,65.249,65.351,68141
2022-01-24 05:00:00,65.335,65.335,64.88,64.983,109395
2022-01-24 05:05:00,64.976,65.076,64.725,64.915,65660
2022-01-24 05:10:00,64.916,64.955,64.716,64.816,44546
2022-01-24 05:15:00,64.817,65.098,64.744,64.916,49293
2022-01-24 05:20:00,64.906,64.98,64.552,64.655,60474
2022-01-24 05:25:00,64.656,64.697,64.374,64.55,60253
2022-01-24 05:30:00,64.552,64.697,64.189,64.382,78311
2022-01-24 05:35:00,64.385,64.602,64.193,64.6,42383
2022-01-24 05:40:00,64.593,64.785,64.401,64.644,54030
2022-01-24 05:45:00,64.644,64.866,64.638,64.714,41788
2022-01-24 05:50:00,64.714,64.924,64.7,64.764,40857
2022-01-24 05:55:00,64.764,65.151,64.672,65.025,77948
2022-01-24 06:00:00,65.021,65.146,64.8,64.936,49513
2022-01-24 06:05:00,64.936,65.079,64.533,64.555,51452
2022-01-24 06:10:00,64.56,64.79,64.46,64.695,28866
2022-01-24 06:15:00,64.692,65.134,64.512,64.957,54272
2022-01-24 06:20:00,64.958,65.468,64.952,65.26,66688
2022-01-24 06:25:00,65.261,65.955,65.261,65.614,103894
2022-01-24 06:30:00,65.62,65.781,65.512,65.566,49334
2022-01-24 06:35:00,65.587,65.709,65.453,65.527,40148
2022-01-24 06:40:00,65.521,65.8,65.39,65.794,40328
2022-01-24 06:45:00,65.8,65.8,65.451,65.493,32403
2022-01-24 06:50:00,65.486,65.594,65.279,65.372,34284
2022-01-24 06:55:00,65.365,65.521,65.186,65.213,29524
2022-01-24 07:00:00,65.223,65.223,64.786,64.92,68638
2022-01-24 07:05:00,64.92,65.055,64.712,64.969,45979
2022-01-24 07:10:00,64.967,64.967,64.28,64.322,86745
2022-01-24 07:15:00,64.317,64.55,64.12,64.231,68446
2022-01-24 07:20:00,64.225,64.657,64.175,64.477,59161
2022-01-24 07:25:00,64.475,64.77,64.348,64.42,49245
2022-01-24 07:30:00,64.424,64.55,63.773,63.872,114241
2022-01-24 07:35:00,63.847,63.883,63.48,63.502,107107
2022-01-24 07:40:00,63.495,63.6,63.0,63.054,135807
2022-01-24 07:45:00,63.049,63.3,62.806,63.211,127613
2022-01-24 07:50:00,63.192,63.299,62.74,62.898,103584
2022-01-24 07:55:00,62.902,62.981,62.535,62.963,140062
2022-01-24 08:00:00,62.962,63.438,62.633,62.989,146553
2022-01-24 08:05:00,62.978,63.345,62.96,63.052,61035
2022-01-24 08:10:00,63.052,63.444,62.949,63.362,70380
2022-01-24 08:15:00,63.364,63.8,63.298,63.6,111273
2022-01-24 08:20:00,63.6,63.8,63.407,63.457,62383
2022-01-24 08:25:00,63.46,63.677,63.217,63.673,45706
2022-01-24 08:30:00,63.675,63.8,63.555,63.582,54581
2022-01-24 08:35:00,63.578,63.899,63.578,63.845,49892
2022-01-24 08:40:00,63.849,63.85,63.446,63.567,46732
2022-01-24 08:45:00,63.595,64.7,62.564,63.76,358286
2022-01-24 08:50:00,63.76,64.064,63.11,63.309,136983
2022-01-24 08:55:00,63.306,63.547,63.016,63.35,93219
2022-01-24 09:00:00,63.349,63.688,63.239,63.465,78182
2022-01-24 09:05:00,63.47,63.682,63.025,63.054,94328
2022-01-24 09:10:00,63.055,63.463,63.007,63.13,75402
2022-01-24 09:15:00,63.137,63.256,62.634,62.646,156941
2022-01-24 09:20:00,62.644,62.7,61.925,62.334,212646
2022-01-24 09:25:00,62.351,62.804,62.075,62.582,139193
2022-01-24 09:30:00,62.582,62.985,62.048,62.126,130484
2022-01-24 09:35:00,62.124,62.452,61.686,61.819,147941
2022-01-24 09:40:00,61.83,61.85,61.525,61.69,138572
2022-01-24 09:45:00,61.721,62.442,61.404,61.915,230433
2022-01-24 09:50:00,61.899,62.468,61.866,61.987,105471
2022-01-24 09:55:00,61.992,62.142,61.69,61.99,63943
2022-01-24 10:00:00,61.978,62.25,61.635,61.862,81852
2022-01-24 10:05:00,61.844,62.013,60.444,60.462,342165
2022-01-24 10:10:00,60.472,60.676,59.778,60.42,337602
2022-01-24 10:15:00,60.428,60.899,59.907,60.059,258332
2022-01-24 10:20:00,60.07,60.413,59.803,60.032,213181
2022-01-24 10:25:00,60.036,60.289,59.892,60.0,145144
2022-01-24 10:30:00,59.994,60.436,59.994,60.038,130524
2022-01-24 10:35:00,60.044,60.444,59.345,60.348,295727
2022-01-24 10:40:00,60.357,60.867,60.175,60.643,229287
2022-01-24 10:45:00,60.633,61.868,60.62,60.829,314901
2022-01-24 10:50:00,60.829,61.8,60.542,61.08,301695
2022-01-24 10:55:00,61.08,61.472,60.335,60.376,208194
2022-01-24 11:00:00,60.386,61.115,60.252,60.333,268374
2022-01-24 11:05:00,60.332,62.49,60.264,62.027,339340
2022-01-24 11:10:00,62.02,64.555,61.882,63.744,596751
2022-01-24 11:15:00,63.762,63.998,62.682,62.932,458534
2022-01-24 11:20:00,62.938,63.0,62.5,62.68,172967
2022-01-24 11:25:00,62.681,62.789,62.2,62.402,166421
2022-01-24 11:30:00,62.392,62.666,61.892,61.956,131173
2022-01-24 11:35:00,61.952,62.311,61.819,62.124,133005
2022-01-24 11:40:00,62.122,62.808,61.923,62.423,124180
2022-01-24 11:45:00,62.426,62.99,62.426,62.846,150035
2022-01-24 11:50:00,62.868,63.049,62.268,62.271,143288
2022-01-24 11:55:00,62.271,62.428,61.553,61.867,172066
2022-01-24 12:00:00,61.869,61.9,61.324,61.806,147148
2022-01-24 12:05:00,61.81,62.199,61.5,61.708,117101
2022-01-24 12:10:00,61.707,62.099,61.639,61.652,80821
2022-01-24 12:15:00,61.662,61.77,61.066,61.114,127393
2022-01-24 12:20:00,61.113,61.452,60.89,61.346,127286
2022-01-24 12:25:00,61.329,61.351,60.832,61.207,114174
2022-01-24 12:30:00,61.171,61.536,60.681,60.801,113449
2022-01-24 12:35:00,60.805,60.978,60.547,60.698,128944
2022-01-24 12:40:00,60.706,60.737,59.745,59.976,283816
2022-01-24 12:45:00,59.977,60.332,59.1,59.475,391585
2022-01-24 12:50:00,59.47,60.44,59.237,60.305,235089
2022-01-24 12:55:00,60.301,61.373,59.503,59.825,459294
2022-01-24 13:00:00,59.825,60.987,59.42,59.5,480388
2022-01-24 13:05:00,59.5,61.086,59.422,60.757,296319
2022-01-24 13:10:00,60.757,61.227,60.562,60.736,227681
2022-01-24 13:15:00,60.718,61.239,60.5,60.568,145564
2022-01-24 13:20:00,60.571,61.415,60.365,61.109,147179
2022-01-24 13:25:00,61.103,61.29,60.7,60.795,92633
2022-01-24 13:30:00,60.792,61.78,60.726,60.939,175109
2022-01-24 13:35:00,60.955,61.0,60.391,60.748,121461
2022-01-24 13:40:00,60.747,60.818,60.312,60.478,95068
2022-01-24 13:45:00,60.471,60.974,60.456,60.773,74256
2022-01-24 13:50:00,60.771,60.94,60.498,60.756,66282
2022-01-24 13:55:00,60.751,60.98,60.36,60.386,143597
2022-01-24 14:00:00,60.368,60.878,60.091,60.626,153017
2022-01-24 14:05:00,60.622,60.913,59.916,60.098,166232
2022-01-24 14:10:00,60.088,60.675,59.88,60.428,135525
2022-01-24 14:15:00,60.437,61.254,60.304,60.929,248602
2022-01-24 14:20:00,60.934,61.193,60.739,61.062,103442
2022-01-24 14:25:00,61.08,62.8,60.942,62.139,359103
2022-01-24 14:30:00,62.15,63.9,61.481,62.809,474843
2022-01-24 14:35:00,62.81,64.539,62.749,64.377,357833
2022-01-24 14:40:00,64.436,65.062,62.199,62.76,469242
2022-01-24 14:45:00,62.759,63.154,62.127,62.792,291359
2022-01-24 14:50:00,62.797,63.265,62.061,62.859,208115
2022-01-24 14:55:00,62.863,63.699,62.666,62.991,254419
2022-01-24 15:00:00,62.998,63.46,62.564,62.652,181675
2022-01-24 15:05:00,62.647,63.123,62.16,62.355,159428
2022-01-24 15:10:00,62.352,62.439,61.205,61.746,379236
2022-01-24 15:15:00,61.764,61.878,61.303,61.494,165282
2022-01-24 15:20:00,61.519,62.591,61.503,62.471,173702
2022-01-24 15:25:00,62.485,63.918,62.455,63.356,317742
2022-01-24 15:30:00,63.362,64.636,63.311,64.225,232868
2022-01-24 15:35:00,64.207,65.408,63.75,64.877,342413
2022-01-24 15:40:00,64.866,65.076,64.5,64.872,190805
2022-01-24 15:45:00,64.851,64.851,64.114,64.439,189412
2022-01-24 15:50:00,64.44,65.438,64.247,65.432,126818
2022-01-24 15:55:00,65.431,66.4,65.148,65.875,292980
2022-01-24 16:00:00,65.883,65.927,65.256,65.569,173693
2022-01-24 16:05:00,65.569,65.586,65.0,65.298,121956
2022-01-24 16:10:00,65.319,65.474,64.775,65.37,154448
2022-01-24 16:15:00,65.373,66.3,65.153,65.753,222483
2022-01-24 16:20:00,65.743,66.199,65.645,66.084,122042
2022-01-24 16:25:00,66.08,66.222,65.532,66.105,147321
2022-01-24 16:30:00,66.1,66.565,65.167,65.325,216957
2022-01-24 16:35:00,65.332,65.454,64.495,64.876,186746
2022-01-24 16:40:00,64.88,64.894,64.3,64.572,122574
2022-01-24 16:45:00,64.584,64.921,63.615,63.671,215614
2022-01-24 16:50:00,63.65,64.598,63.585,64.544,174220
2022-01-24 16:55:00,64.545,65.298,64.543,64.926,175631
2022-01-24 17:00:00,64.934,65.113,64.682,64.936,99851
2022-01-24 17:05:00,64.959,65.021,64.52,64.608,93881
2022-01-24 17:10:00,64.6,64.739,63.918,64.133,122717
2022-01-24 17:15:00,64.122,64.273,63.684,64.105,127999
2022-01-24 17:20:00,64.106,65.139,64.006,64.838,152689
2022-01-24 17:25:00,64.833,65.446,64.437,64.848,164915
2022-01-24 17:30:00,64.849,65.418,64.614,65.391,130225
2022-01-24 17:35:00,65.392,65.916,65.083,65.8,123031
2022-01-24 17:40:00,65.805,67.5,65.571,66.919,330530
2022-01-24 17:45:00,66.927,67.9,66.671,67.538,194860
2022-01-24 17:50:00,67.555,67.646,66.96,67.407,148742
2022-01-24 17:55:00,67.418,67.617,67.01,67.113,83483
2022-01-24 18:00:00,67.111,67.408,66.4,66.941,188507
2022-01-24 18:05:00,66.946,68.122,66.542,67.643,189834
2022-01-24 18:10:00,67.645,68.202,67.356,67.959,201452
2022-01-24 18:15:00,67.963,68.611,67.469,67.878,227432
2022-01-24 18:20:00,67.876,67.925,66.878,66.997,152178
2022-01-24 18:25:00,67.021,67.154,66.603,66.708,138727
2022-01-24 18:30:00,66.703,67.208,66.5,66.756,116473
2022-01-24 18:35:00,66.771,66.771,66.17,66.519,96081
2022-01-24 18:40:00,66.52,66.547,65.88,66.126,96077
2022-01-24 18:45:00,66.12,66.85,66.072,66.605,121843
2022-01-24 18:50:00,66.594,66.702,66.166,66.39,100719
2022-01-24 18:55:00,66.39,66.448,65.94,66.046,87185
2022-01-24 19:00:00,66.038,66.468,65.658,65.696,117647
2022-01-24 19:05:00,65.695,65.8,65.233,65.572,116609
2022-01-24 19:10:00,65.58,65.803,65.14,65.228,73566
2022-01-24 19:15:00,65.226,65.37,64.75,64.824,113772
2022-01-24 19:20:00,64.812,65.164,64.38,64.452,92010
2022-01-24 19:25:00,64.462,64.738,64.324,64.539,62781
2022-01-24 19:30:00,64.524,64.99,64.494,64.694,77734
2022-01-24 19:35:00,64.699,64.728,64.281,64.517,52264
2022-01-24 19:40:00,64.527,64.692,64.269,64.307,46453
2022-01-24 19:45:00,64.307,64.808,64.191,64.672,79562
2022-01-24 19:50:00,64.675,64.853,64.458,64.8,60914
2022-01-24 19:55:00,64.788,65.467,64.698,65.273,119323
2022-01-24 20:00:00,65.256,65.591,64.87,64.921,111756
2022-01-24 20:05:00,64.916,65.353,64.896,65.233,60750
2022-01-24 20:10:00,65.228,65.72,65.083,65.648,77044
2022-01-24 20:15:00,65.647,65.855,65.232,65.325,78978
2022-01-24 20:20:00,65.327,65.694,65.327,65.584,57449
2022-01-24 20:25:00,65.597,65.998,65.563,65.749,109147
2022-01-24 20:30:00,65.758,66.758,65.572,66.758,114039
2022-01-24 20:35:00,66.736,67.76,66.668,67.708,194165
2022-01-24 20:40:00,67.73,67.858,67.029,67.2,164629
2022-01-24 20:45:00,67.205,67.754,67.051,67.244,85648
2022-01-24 20:50:00,67.237,68.8,67.129,68.565,205624
2022-01-24 20:55:00,68.578,68.922,67.835,68.018,188146
2022-01-24 21:00:00,68.018,68.081,66.776,66.931,173319
2022-01-24 21:05:00,66.94,67.479,66.86,67.333,88998
2022-01-24 21:10:00,67.329,67.724,67.158,67.341,89764
2022-01-24 21:15:00,67.347,68.06,67.153,67.968,85500
2022-01-24 21:20:00,67.971,68.019,67.103,67.18,101941
2022-01-24 21:25:00,67.18,67.434,66.926,67.137,53310
2022-01-24 21:30:00,67.131,67.577,66.877,67.535,71721
2022-01-24 21:35:00,67.535,67.71,67.01,67.01,47690
2022-01-24 21:40:00,67.031,67.135,66.691,67.032,71876
2022-01-24 21:45:00,67.031,67.246,66.4,66.699,74103
2022-01-24 21:50:00,66.699,67.33,66.643,67.052,72951
2022-01-24 21:55:00,67.047,67.582,66.965,67.409,80424
2022-01-24 22:00:00,67.431,67.535,67.023,67.372,62203
2022-01-24 22:05:00,67.376,67.472,66.705,66.899,50159
2022-01-24 22:10:00,66.895,67.186,66.666,67.091,50405
2022-01-24 22:15:00,67.094,67.264,66.833,66.925,33897
2022-01-24 22:20:00,66.949,67.031,66.57,66.64,45669
2022-01-24 22:25:00,66.641,66.74,66.12,66.288,66422
2022-01-24 22:30:00,66.285,66.286,65.516,65.56,81876
2022-01-24 22:35:00,65.56,65.814,65.34,65.46,59340
2022-01-24 22:40:00,65.455,65.605,65.325,65.601,47087
2022-01-24 22:45:00,65.595,65.632,65.266,65.577,43295
2022-01-24 22:50:00,65.559,65.73,65.264,65.384,37406
2022-01-24 22:55:00,65.384,65.466,65.053,65.271,56185
2022-01-24 23:00:00,65.271,65.659,64.955,65.053,102426
2022-01-24 23:05:00,65.054,65.426,65.003,65.388,57883
2022-01-24 23:10:00,65.376,65.71,65.202,65.501,65412
2022-01-24 23:15:00,65.496,65.967,65.465,65.93,48537
2022-01-24 23:20:00,65.916,65.917,65.508,65.588,81407
2022-01-24 23:25:00,65.587,65.853,65.434,65.6,42342
2022-01-24 23:30:00,65.592,65.644,64.996,65.379,62713
2022-01-24 23:35:00,65.372,65.989,65.329,65.946,93731
2022-01-24 23:40:00,65.948,66.45,65.939,66.232,65570
2022-01-24 23:45:00,66.23,66.583,66.149,66.272,58282
2022-01-24 23:50:00,66.292,66.408,65.821,66.038,52040
2022-01-24 23:55:00,66.037,66.083,65.755,65.973,36459
2022-01-25 00:00:00,65.965,66.082,65.364,65.776,109574
2022-01-25 00:05:00,65.773,65.912,65.14,65.193,78068
2022-01-25 00:10:00,65.189,65.701,64.7,65.142,132309
2022-01-25 00:15:00,65.14,65.653,65.035,65.452,70380
2022-01-25 00:20:00,65.451,65.524,65.065,65.132,56232
2022-01-25 00:25:00,65.128,65.5,64.993,65.111,46120
2022-01-25 00:30:00,65.109,65.455,65.05,65.12,25648
2022-01-25 00:35:00,65.118,65.378,64.992,65.136,33001
2022-01-25 00:40:00,65.131,65.416,65.055,65.199,68799
2022-01-25 00:45:00,65.2,65.334,64.344,64.465,128352
2022-01-25 00:50:00,64.464,64.526,63.751,63.885,110988
2022-01-25 00:55:00,63.885,63.994,63.164,63.225,178684
2022-01-25 01:00:00,63.223,64.104,63.222,63.634,167192
2022-01-25 01:05:00,63.637,63.994,63.59,63.592,55988
2022-01-25 01:10:00,63.593,63.82,63.45,63.624,62052
2022-01-25 01:15:00,63.625,63.987,63.46,63.626,49898
2022-01-25 01:20:00,63.636,63.824,63.398,63.427,44320
2022-01-25 01:25:00,63.427,63.7,63.333,63.35,47254
2022-01-25 01:30:00,63.363,63.608,63.11,63.28,104712
2022-01-25 01:35:00,63.282,63.511,63.174,63.27,50660
2022-01-25 01:40:00,63.26,63.431,63.043,63.099,58736
2022-01-25 01:45:00,63.111,63.35,63.105,63.243,62460
2022-01-25 01:50:00,63.232,63.288,63.001,63.034,40753
2022-01-25 01:55:00,63.041,63.19,62.884,63.054,60183
2022-01-25 02:00:00,63.039,63.164,62.722,62.921,60545
2022-01-25 02:05:00,62.922,63.43,62.802,63.31,99354
2022-01-25 02:10:00,63.319,63.831,63.302,63.446,84073
2022-01-25 02:15:00,63.452,63.7,63.192,63.197,39615
2022-01-25 02:20:00,63.197,63.381,62.952,63.1,53159
2022-01-25 02:25:00,63.091,63.44,63.016,63.303,35889
2022-01-25 02:30:00,63.3,63.552,63.269,63.269,49953
2022-01-25 02:35:00,63.278,63.421,63.076,63.132,29954
2022-01-25 02:40:00,63.133,63.465,63.133,63.158,30177
2022-01-25 02:45:00,63.153,63.729,63.144,63.662,51105
2022-01-25 02:50:00,63.657,64.04,63.642,64.028,57407
2022-01-25 02:55:00,64.022,64.244,63.894,63.986,81751
2022-01-25 03:00:00,63.999,64.048,63.582,63.616,63702
2022-01-25 03:05:00,63.615,63.816,63.479,63.481,35733
2022-01-25 03:10:00,63.48,63.7,63.392,63.67,38102
2022-01-25 03:15:00,63.67,63.998,63.578,63.931,39577
2022-01-25 03:20:00,63.932,64.193,63.909,63.932,54292
2022-01-25 03:25:00,63.929,64.38,63.9,64.331,41525
2022-01-25 03:30:00,64.329,64.834,64.239,64.242,77663
2022-01-25 03:35:00,64.239,64.581,64.239,64.581,39152
2022-01-25 03:40:00,64.588,64.695,64.419,64.425,30208
2022-01-25 03:45:00,64.426,64.545,64.283,64.433,34127
2022-01-25 03:50:00,64.427,64.884,64.384,64.865,35392
2022-01-25 03:55:00,64.868,64.962,64.603,64.805,40836
2022-01-25 04:00:00,64.803,64.937,64.325,64.367,60031
2022-01-25 04:05:00,64.367,64.542,64.138,64.537,55857
2022-01-25 04:10:00,64.537,64.55,64.019,64.099,35897
2022-01-25 04:15:00,64.1,64.249,63.867,63.883,47845
2022-01-25 04:20:00,63.888,64.01,63.781,63.929,38083
2022-01-25 04:25:00,63.934,64.16,63.873,64.159,28771
2022-01-25 04:30:00,64.158,64.234,63.846,63.872,30900
2022-01-25 04:35:00,63.872,63.958,63.468,63.574,52765
2022-01-25 04:40:00,63.573,63.631,63.359,63.55,47579
2022-01-25 04:45:00,63.554,63.591,63.364,63.493,48412
2022-01-25 04:50:00,63.492,63.637,63.278,63.423,64539
2022-01-25 04:55:00,63.435,63.725,63.423,63.599,37618
2022-01-25 05:00:00,63.601,63.856,63.471,63.762,45842
2022-01-25 05:05:00,63.763,64.123,63.762,63.984,42759
2022-01-25 05:10:00,64.001,64.158,63.856,64.158,21165
2022-01-25 05:15:00,64.16,64.239,63.737,63.781,50236
2022-01-25 05:20:00,63.776,63.819,63.601,63.75,34045
2022-01-25 05:25:00,63.75,63.839,63.444,63.458,38185
2022-01-25 05:30:00,63.45,63.942,63.41,63.866,44893
2022-01-25 05:35:00,63.875,64.218,63.854,64.09,31518
2022-01-25 05:40:00,64.091,64.339,64.029,64.185,35625
2022-01-25 05:45:00,64.186,64.711,64.164,64.27,79698
2022-01-25 05:50:00,64.283,64.489,64.187,64.316,28345
2022-01-25 05:55:00,64.315,64.656,64.218,64.521,34531
2022-01-25 06:00:00,64.522,64.787,64.152,64.212,44156
2022-01-25 06:05:00,64.229,64.497,64.179,64.344,38359
2022-01-25 06:10:00,64.343,64.394,64.035,64.067,33232
2022-01-25 06:15:00,64.074,64.412,64.045,64.376,36377
2022-01-25 06:20:00,64.394,64.526,64.12,64.5,45068
2022-01-25 06:25:00,64.503,64.556,64.211,64.231,22059
2022-01-25 06:30:00,64.241,64.632,63.983,64.632,43754
2022-01-25 06:35:00,64.608,64.613,64.201,64.346,48013
2022-01-25 06:40:00,64.338,64.376,63.905,63.955,44696
2022-01-25 06:45:00,63.946,64.17,63.884,64.023,28013
2022-01-25 06:50:00,64.026,64.056,63.806,63.814,24335
2022-01-25 06:55:00,63.815,63.935,63.603,63.629,34834
2022-01-25 07:00:00,63.63,63.911,63.443,63.538,61247
2022-01-25 07:05:00,63.523,63.842,63.523,63.607,37313
2022-01-25 07:10:00,63.619,63.704,63.451,63.636,40446
2022-01-25 07:15:00,63.652,63.831,63.555,63.744,38843
2022-01-25 07:20:00,63.75,64.139,63.645,64.07,38136
2022-01-25 07:25:00,64.07,64.406,64.022,64.244,49873
2022-01-25 07:30:00,64.243,64.44,64.175,64.397,35345
2022-01-25 07:35:00,64.404,64.452,64.118,64.33,31332
2022-01-25 07:40:00,64.33,64.4,64.086,64.282,32873
2022-01-25 07:45:00,64.289,64.339,64.084,64.201,21478
2022-01-25 07:50:00,64.201,64.46,64.026,64.281,29988
2022-01-25 07:55:00,64.278,64.594,64.278,64.494,37111
2022-01-25 08:00:00,64.494,65.0,64.35,64.971,110796
2022-01-25 08:05:00,64.968,65.124,64.687,64.878,67642
2022-01-25 08:10:00,64.879,65.114,64.664,65.086,45557
2022-01-25 08:15:00,65.087,65.878,65.042,65.743,124209
2022-01-25 08:20:00,65.745,65.822,65.338,65.459,58521
2022-01-25 08:25:00,65.457,65.597,64.921,65.001,67406
2022-01-25 08:30:00,64.998,65.144,64.551,64.924,94819
2022-01-25 08:35:00,64.922,65.124,64.739,64.956,31643
2022-01-25 08:40:00,64.938,65.463,64.93,65.322,58649
2022-01-25 08:45:00,65.325,65.49,65.143,65.34,47525
2022-01-25 08:50:00,65.333,65.495,64.86,64.909,49766
2022-01-25 08:55:00,64.91,65.088,64.665,64.72,56717
2022-01-25 09:00:00,64.723,64.928,64.549,64.889,48194
2022-01-25 09:05:00,64.885,65.23,64.869,65.216,36510
2022-01-25 09:10:00,65.203,65.318,64.946,65.066,39321
2022-01-25 09:15:00,65.05,65.355,64.95,65.111,36350
2022-01-25 09:20:00,65.111,65.484,65.08,65.408,47531
2022-01-25 09:25:00,65.408,65.7,65.322,65.64,56408
2022-01-25 09:30:00,65.653,65.653,65.378,65.531,46825
2022-01-25 09:35:00,65.535,65.539,65.215,65.289,39251
2022-01-25 09:40:00,65.289,65.529,65.214,65.331,42516
2022-01-25 09:45:00,65.339,65.553,65.111,65.194,43501
2022-01-25 09:50:00,65.19,65.614,65.13,65.592,42302
2022-01-25 09:55:00,65.584,65.644,65.325,65.424,38101
2022-01-25 10:00:00,65.437,65.55,65.135,65.219,30928
2022-01-25 10:05:00,65.216,65.509,65.032,65.424,43185
2022-01-25 10:10:00,65.416,66.66,65.259,66.528,192816
2022-01-25 10:15:00,66.53,67.17,66.144,66.224,158509
2022-01-25 10:20:00,66.219,66.697,66.03,66.231,84706
2022-01-25 10:25:00,66.226,66.311,66.004,66.103,36293
2022-01-25 10:30:00,66.112,66.28,65.802,65.883,62568
2022-01-25 10:35:00,65.894,66.031,65.705,65.756,41680
2022-01-25 10:40:00,65.749,65.94,65.491,65.547,34544
2022-01-25 10:45:00,65.55,65.851,65.461,65.506,38760
2022-01-25 10:50:00,65.496,65.981,65.454,65.801,40266
2022-01-25 10:55:00,65.802,66.076,65.689,65.974,30639
2022-01-25 11:00:00,65.986,66.38,65.698,66.065,88718
2022-01-25 11:05:00,66.065,66.117,65.857,66.109,51052
2022-01-25 11:10:00,66.084,66.121,65.853,66.04,45075
2022-01-25 11:15:00,66.046,66.3,65.746,65.752,75320
2022-01-25 11:20:00,65.753,65.787,65.103,65.15,79527
2022-01-25 11:25:00,65.146,65.192,64.823,64.899,88277
2022-01-25 11:30:00,64.901,65.326,64.875,65.16,69065
2022-01-25 11:35:00,65.136,65.321,65.064,65.084,41624
2022-01-25 11:40:00,65.07,65.252,64.925,65.196,36553
2022-01-25 11:45:00,65.219,65.672,65.09,65.614,51703
2022-01-25 11:50:00,65.605,65.788,65.418,65.608,46101
2022-01-25 11:55:00,65.621,65.862,65.439,65.572,45642
2022-01-25 12:00:00,65.597,65.82,65.229,65.24,51542
2022-01-25 12:05:00,65.242,65.337,64.8,64.818,74119
2022-01-25 12:10:00,64.816,64.877,64.56,64.714,73095
2022-01-25 12:15:00,64.713,64.948,64.38,64.836,57340
2022-01-25 12:20:00,64.831,64.968,64.708,64.732,32686
2022-01-25 12:25:00,64.724,65.225,64.724,65.123,54153
2022-01-25 12:30:00,65.123,65.454,64.904,65.261,100817
2022-01-25 12:35:00,65.273,66.24,65.149,66.12,158635
2022-01-25 12:40:00,66.12,66.513,66.039,66.234,125508
2022-01-25 12:45:00,66.234,66.301,65.815,65.919,66226
2022-01-25 12:50:00,65.93,65.998,65.558,65.571,53365
2022-01-25 12:55:00,65.582,65.913,65.463,65.595,43867
2022-01-25 13:00:00,65.597,65.705,65.417,65.568,47149
2022-01-25 13:05:00,65.573,65.672,64.641,64.662,104886
2022-01-25 13:10:00,64.654,64.84,64.1,64.593,236662
2022-01-25 13:15:00,64.592,64.757,64.267,64.395,109520
2022-01-25 13:20:00,64.401,64.473,64.0,64.132,92407
2022-01-25 13:25:00,64.135,64.218,63.731,63.857,84207
2022-01-25 13:30:00,63.857,64.152,63.637,63.857,112189
2022-01-25 13:35:00,63.86,64.137,63.802,64.046,41733
2022-01-25 13:40:00,64.052,64.056,63.7,63.748,121108
2022-01-25 13:45:00,63.763,63.816,63.508,63.808,83937
2022-01-25 13:50:00,63.804,63.95,63.616,63.669,70171
2022-01-25 13:55:00,63.677,63.92,63.498,63.841,84077
2022-01-25 14:00:00,63.84,63.999,63.581,63.96,93379
2022-01-25 14:05:00,63.975,64.361,63.852,64.125,126197
2022-01-25 14:10:00,64.131,64.453,63.974,64.383,82558
2022-01-25 14:15:00,64.408,64.819,64.281,64.74,104437
2022-01-25 14:20:00,64.74,65.194,64.616,65.086,132348
2022-01-25 14:25:00,65.086,65.095,64.316,64.432,115473
2022-01-25 14:30:00,64.436,64.665,63.85,64.046,139253
2022-01-25 14:35:00,64.054,65.362,63.98,64.794,219073
2022-01-25 14:40:00,64.806,65.136,64.427,64.809,123867
2022-01-25 14:45:00,64.818,64.847,63.796,63.891,132885
2022-01-25 14:50:00,63.902,63.997,63.059,63.346,148146
2022-01-25 14:55:00,63.334,63.759,63.16,63.265,120870
2022-01-25 15:00:00,63.265,63.7,62.362,63.03,253346
2022-01-25 15:05:00,63.029,63.34,62.875,63.299,99691
2022-01-25 15:10:00,63.291,63.933,62.981,63.853,127940
2022-01-25 15:15:00,63.858,63.887,63.48,63.506,86720
2022-01-25 15:20:00,63.494,63.75,63.085,63.444,94924
2022-01-25 15:25:00,63.427,64.24,63.363,64.208,126149
2022-01-25 15:30:00,64.206,64.206,63.681,63.912,64672
2022-01-25 15:35:00,63.902,64.3,63.665,64.034,106642
2022-01-25 15:40:00,64.034,64.4,63.85,64.346,71057
2022-01-25 15:45:00,64.357,64.497,63.989,64.292,78997
2022-01-25 15:50:00,64.278,64.496,63.973,64.064,88748
2022-01-25 15:55:00,64.054,64.178,63.707,63.878,53228
2022-01-25 16:00:00,63.872,64.086,63.742,63.916,51426
2022-01-25 16:05:00,63.908,64.142,63.665,64.102,60141
2022-01-25 16:10:00,64.098,64.351,63.923,63.977,75764
2022-01-25 16:15:00,63.998,64.59,63.79,64.435,84218
2022-01-25 16:20:00,64.434,64.815,64.263,64.69,83323
2022-01-25 16:25:00,64.684,64.767,64.337,64.547,70816
2022-01-25 16:30:00,64.564,64.782,64.279,64.322,55229
2022-01-25 16:35:00,64.32,64.439,63.941,64.003,73977
2022-01-25 16:40:00,64.006,64.507,63.94,64.402,44574
2022-01-25 16:45:00,64.4,64.698,64.374,64.557,56243
2022-01-25 16:50:00,64.566,64.782,64.462,64.582,58759
2022-01-25 16:55:00,64.583,64.776,64.3,64.333,81225
2022-01-25 17:00:00,64.335,64.62,64.25,64.612,39877
2022-01-25 17:05:00,64.612,64.834,64.56,64.747,56443
2022-01-25 17:10:00,64.747,64.894,64.485,64.795,64902
2022-01-25 17:15:00,64.806,65.17,64.703,65.095,86932
2022-01-25 17:20:00,65.099,65.9,65.075,65.729,226647
2022-01-25 17:25:00,65.717,66.369,65.617,66.291,157394
2022-01-25 17:30:00,66.295,66.301,65.737,66.005,98842
2022-01-25 17:35:00,66.009,66.095,65.826,65.923,62916
2022-01-25 17:40:00,65.935,66.126,65.7,66.066,58611
2022-01-25 17:45:00,66.085,66.173,65.611,65.611,77549
2022-01-25 17:50:00,65.611,65.723,65.402,65.567,51521
2022-01-25 17:55:00,65.575,65.78,65.414,65.704,40223
2022-01-25 18:00:00,65.709,65.709,65.223,65.34,64302
2022-01-25 18:05:00,65.315,65.399,65.116,65.118,43874
2022-01-25 18:10:00,65.141,65.444,65.022,65.394,53119
2022-01-25 18:15:00,65.393,65.734,65.339,65.495,50781
2022-01-25 18:20:00,65.505,65.622,65.388,65.523,26382
2022-01-25 18:25:00,65.527,66.037,65.464,65.904,66000
2022-01-25 18:30:00,65.924,66.228,65.757,66.051,49332
2022-01-25 18:35:00,66.056,66.206,65.827,66.048,61252
2022-01-25 18:40:00,66.06,66.078,65.636,65.745,33430
2022-01-25 18:45:00,65.74,65.899,65.616,65.836,30113
2022-01-25 18:50:00,65.825,66.332,65.82,66.321,75672
2022-01-25 18:55:00,66.332,66.8,66.215,66.438,85335
2022-01-25 19:00:00,66.438,66.49,66.087,66.134,44174
2022-01-25 19:05:00,66.147,66.277,65.834,66.122,82966
2022-01-25 19:10:00,66.123,66.437,66.0,66.372,42326
2022-01-25 19:15:00,66.35,66.467,66.064,66.064,30886
2022-01-25 19:20:00,66.088,66.328,65.914,65.943,34893
2022-01-25 19:25:00,65.942,66.039,65.864,65.968,33737
2022-01-25 19:30:00,65.964,65.971,65.159,65.227,136069
2022-01-25 19:35:00,65.232,65.296,64.57,64.916,186429
2022-01-25 19:40:00,64.925,65.27,64.917,65.141,54097
2022-01-25 19:45:00,65.147,65.544,65.044,65.123,66992
2022-01-25 19:50:00,65.123,65.599,65.066,65.463,54444
2022-01-25 19:55:00,65.467,65.527,65.3,65.312,31862
